pharmacy_id,pharmacy_type,establishment_year,province,region,onboarding_date,acquisition_channel,credit_tier
PH0001,Quầy thuốc,2017.0,Đồng Nai,Nam,18/03/2021,Web portal,C
PH0002,,2016.0,Khánh Hòa,Trung,2022-01-16,Sales rep,B
PH0003,Quầy thuốc,1996.0,An Giang,Nam,2021-04-15,Web portal,B
PH0004,Nhà thuốc,2009.0,Hải Dương,Bắc,2022-02-03,Web portal,A
PH0005,Quầy thuốc,2005.0,,Trung,2021-01-08,Web portal,B
PH0006,Nhà thuốc,2016.0,Đồng Nai,Nam,06/09/2021,Sales rep,A
PH0007,Quầy thuốc,2016.0,Bình Định,Trung,2020-02-01,Hotline,A
PH0008,Quầy thuốc,,Bắc Ninh,Bắc,03-22-2020,Referral,A
PH0009,Phòng khám,2000.0,Long An,Nam,23/04/2021,Hotline,B
PH0010,,2022.0,Bắc Ninh,Bắc,2022-05-30,Sales rep,A
PH0011,Nhà thuốc,2024.0,Hải Phòng,Bắc,2024-08-13,Sales rep,B
PH0012,Phòng khám,2023.0,Cần Thơ,Nam,2024-08-17,Referral,A
PH0013,Quầy thuốc,,,Bắc,2023-08-25,Referral,C
PH0014,,2015.0,Hà Nội,Bắc,29/05/2023,Referral,B
PH0015,Nhà thuốc,2024.0,Đắk Lắk,Trung,2024-07-03,Referral,
PH0016,Quầy thuốc,,Thanh Hóa,Trung,2024-08-03,Hotline,C
PH0017,Nhà thuốc,1999.0,Đà Nẵng,Trung,02/09/2020,Web portal,C
PH0018,Nhà thuốc,1999.0,Lạng Sơn,Bắc,2022-06-07,Referral,
PH0019,Quầy thuốc,1995.0,Hà Nội,Bắc,2023-10-10,Web portal,B
PH0020,Nhà thuốc,1996.0,Tiền Giang,Nam,2022-06-27,Web portal,A
PH0021,Nhà thuốc,2023.0,Thái Nguyên,Bắc,2024-02-29,Sales rep,A
PH0022,Nhà thuốc,1900.0,Tiền Giang,Nam,2022-07-20,Web portal,B
PH0023,Quầy thuốc,2004.0,Cần Thơ,Nam,2024-07-13,Referral,B
PH0024,Nhà thuốc,2000.0,Tiền Giang,Nam,2022-09-17,Referral,A
PH0025,Phòng khám,1995.0,Bà Rịa - Vũng Tàu,Nam,2021-05-04,Web portal,B
PH0026,Nhà thuốc,2001.0,TP.HCM,Nam,2025-01-20,Web portal,B
PH0027,Phòng khám,2014.0,TP.HCM,Nam,23/05/2022,Web portal,B
PH0028,Nhà thuốc,2001.0,,Bắc,2023-02-04,Web portal,C
PH0029,Phòng khám,2001.0,Nam Định,Bắc,04/06/2021,Web portal,C
PH0030,Quầy thuốc,1995.0,Đồng Nai,Nam,2022-03-11,Web portal,C
PH0031,Bệnh viện,2003.0,Long An,Nam,11-21-2023,Hotline,C
PH0032,Bệnh viện,2022.0,Thanh Hóa,Trung,08/03/2022,Sales rep,C
PH0033,Phòng khám,2005.0,Bà Rịa - Vũng Tàu,Nam,18/02/2022,Referral,B
PH0034,???,2020.0,Bình Định,Trung,2024-02-18,Sales rep,C
PH0035,Phòng khám,2007.0,Bình Dương,Nam,2023-07-20,Referral,C
PH0036,Quầy thuốc,2008.0,Hải Dương,Bắc,16/10/2023,Web portal,A
PH0037,Quầy thuốc,2002.0,Thanh Hóa,Trung,2020-08-24,Web portal,C
PH0038,Nhà thuốc,1996.0,Long An,Nam,2024-02-25,Hotline,B
PH0039,Quầy thuốc,,Hà Nội,Bắc,16/04/2020,Referral,B
PH0040,Quầy thuốc,2007.0,An Giang,Nam,2022-01-09,Referral,
PH0041,Nhà thuốc,2019.0,Thừa Thiên Huế,Trung,2023-07-30,Hotline,B
PH0042,Phòng khám,2023.0,Hải Phòng,Bắc,2023-10-28,Sales rep,A
PH0043,Phòng khám,2017.0,Thái Nguyên,Bắc,2022-01-15,Referral,B
PH0044,Nhà thuốc,2001.0,Long An,Nam,2020-03-25,Sales rep,A
PH0045,Nhà thuốc,2007.0,Tiền Giang,Nam,2020-09-05,Sales rep,A
PH0046,Phòng khám,2011.0,Nghệ An,Trung,2020-07-06,Referral,B
PH0047,Quầy thuốc,2022.0,Nam Định,Bắc,2024-05-07,Hotline,C
PH0048,Quầy thuốc,2017.0,Cần Thơ,Nam,2024-08-23,Sales rep,A
PH0049,Bệnh viện,2002.0,Khánh Hòa,Trung,2025-01-28,Sales rep,B
PH0050,Bệnh viện,2006.0,Hải Phòng,Bắc,2021-02-17,Web portal,B
PH0051,Quầy thuốc,2024.0,Cần Thơ,Nam,20/09/2024,Referral,B
PH0052,Nhà thuốc,2016.0,An Giang,Nam,2021-02-02,Hotline,B
PH0053,Khác,2003.0,Bình Dương,Nam,09/11/2022,Referral,B
PH0054,Nhà thuốc,2003.0,Hải Phòng,Bắc,22/05/2024,Referral,C
PH0055,Nhà thuốc,2024.0,Đà Nẵng,Trung,11/05/2025,Sales rep,A
PH0056,Phòng khám,2000.0,Thanh Hóa,Trung,02-20-2020,Hotline,C
PH0057,Phòng khám,2021.0,Đà Nẵng,Trung,14/10/2021,Referral,A
PH0058,Nhà thuốc,1995.0,Quảng Ninh,Bắc,2020-01-08,Web portal,C
PH0059,Nhà thuốc,2013.0,Thái Nguyên,Bắc,2021-11-21,Web portal,C
PH0060,Quầy thuốc,2099.0,Nghệ An,Trung,2023-04-16,Web portal,B
PH0061,Quầy thuốc,2005.0,TP.HCM,Nam,18/09/2024,Sales rep,B
PH0062,Nhà thuốc,2017.0,Tiền Giang,Nam,2022-03-30,Hotline,B
PH0063,Bệnh viện,2022.0,Quảng Ninh,Bắc,2022-01-02,Hotline,B
PH0064,Phòng khám,2017.0,Lạng Sơn,Bắc,05-13-2020,Sales rep,B
PH0065,Nhà thuốc,1998.0,Đà Nẵng,Trung,2025-04-23,Web portal,B
PH0066,,2001.0,Hải Phòng,Bắc,01-30-2020,Web portal,C
PH0067,Quầy thuốc,2024.0,Bắc Ninh,Bắc,05-23-2025,Web portal,C
PH0068,Phòng khám,2003.0,Hải Dương,Bắc,2023-09-08,Hotline,A
PH0069,Nhà thuốc,2019.0,Thái Nguyên,Bắc,2023-03-07,Web portal,A
PH0070,Nhà thuốc,2010.0,Tiền Giang,Nam,2021-02-22,Hotline,C
PH0071,Phòng khám,2024.0,Hải Phòng,Bắc,2025-05-21,Sales rep,C
PH0072,Nhà thuốc,1999.0,Đà Nẵng,Trung,2022-08-29,Referral,B
PH0073,Nhà thuốc,2023.0,Đà Nẵng,Trung,24/01/2023,Hotline,B
PH0074,Nhà thuốc,2004.0,Hải Dương,Bắc,2025-06-26,Web portal,A
PH0075,Quầy thuốc,2006.0,An Giang,Nam,2023-10-30,Referral,A
PH0076,Nhà thuốc,2020.0,Cần Thơ,Nam,12/08/2021,Web portal,A
PH0077,Nhà thuốc,2001.0,Tiền Giang,Nam,29/03/2022,,A
PH0078,Phòng khám,2021.0,Khánh Hòa,Trung,2025-04-16,Referral,
PH0079,Quầy thuốc,1900.0,Thừa Thiên Huế,Trung,2023-06-16,Hotline,B
PH0080,,,Hải Phòng,Bắc,2023-02-13,Sales rep,B
PH0081,Nhà thuốc,1999.0,,Bắc,26/01/2025,Web portal,A
PH0082,Nhà thuốc,1998.0,Quảng Ninh,Bắc,2024-06-29,Hotline,B
PH0083,Nhà thuốc,2014.0,Nghệ An,Trung,09-10-2020,Hotline,A
PH0084,Quầy thuốc,2009.0,Tiền Giang,Nam,2024-09-06,Referral,C
PH0085,Nhà thuốc,2010.0,Tiền Giang,Nam,2023-08-10,Web portal,B
PH0086,Quầy thuốc,2030.0,Bắc Ninh,Bắc,2021-08-27,Sales rep,B
PH0087,Nhà thuốc,1995.0,Bắc Ninh,Bắc,2021-12-02,Web portal,B
PH0088,Nhà thuốc,2019.0,Đồng Nai,Nam,2021-05-23,Hotline,C
PH0089,Quầy thuốc,2006.0,Hải Phòng,Bắc,2024-10-09,Web portal,B
PH0090,Nhà thuốc,2021.0,An Giang,Nam,2021-11-09,,B
PH0091,Nhà thuốc,2012.0,Long An,Nam,2020-07-11,Sales rep,C
PH0092,Quầy thuốc,2020.0,Khánh Hòa,Trung,2023-09-19,Referral,C
PH0093,Phòng khám,2003.0,Nam Định,Bắc,2023-05-18,Sales rep,A
PH0094,Khác,2007.0,Tiền Giang,Nam,2024-10-03,Referral,B
PH0095,Khác,2008.0,Quảng Ninh,Bắc,2020-09-22,Referral,A
PH0096,Nhà thuốc,2014.0,Quảng Nam,Trung,2023-10-26,Hotline,B
PH0097,Nhà thuốc,2007.0,Khánh Hòa,Trung,24/07/2020,Referral,A
PH0098,Nhà thuốc,2007.0,Quảng Nam,Trung,2022-07-09,Web portal,A
PH0099,,2011.0,Thanh Hóa,Trung,2022-08-09,Sales rep,B
PH0100,Phòng khám,2003.0,Nam Định,Bắc,14/12/2020,Web portal,B
PH0101,,1997.0,Hải Dương,Bắc,2022-02-09,Web portal,B
PH0102,Nhà thuốc,2005.0,Đồng Nai,Nam,2024-01-16,Web portal,B
PH0103,Quầy thuốc,2004.0,Quảng Ninh,Bắc,14/11/2020,Sales rep,C
PH0104,Nhà thuốc,2009.0,Đồng Nai,Nam,27/05/2022,Referral,C
PH0105,Nhà thuốc,2010.0,TP.HCM,Nam,2024-03-04,Web portal,B
PH0106,Quầy thuốc,2017.0,Nam Định,Bắc,2024-11-20,Hotline,
PH0107,Bệnh viện,2012.0,Khánh Hòa,Trung,2024-06-12,Web portal,A
PH0108,Nhà thuốc,2024.0,Bình Định,Trung,2025-06-21,Sales rep,A
PH0109,Nhà thuốc,2008.0,Đồng Nai,Nam,2020-05-15,,A
PH0110,Nhà thuốc,2017.0,Tiền Giang,Nam,2024-06-10,Hotline,B
PH0111,Phòng khám,2018.0,Hải Phòng,Bắc,2022-11-03,Web portal,C
PH0112,Nhà thuốc,2010.0,Hải Phòng,Bắc,2021-03-14,Hotline,B
PH0113,N/A,2012.0,Lạng Sơn,Bắc,2022-06-11,Sales rep,B
PH0114,Quầy thuốc,2022.0,Hà Nội,Bắc,2024-01-16,Web portal,C
PH0115,Quầy thuốc,2014.0,Nam Định,Bắc,2024-06-27,Referral,C
PH0116,Nhà thuốc,2009.0,Nghệ An,Trung,2020-06-05,Hotline,A
PH0117,Nhà thuốc,1998.0,Cần Thơ,Nam,2025-02-27,Sales rep,B
PH0118,Nhà thuốc,2001.0,Bình Định,Trung,2021-01-12,Referral,A
PH0119,Nhà thuốc,2000.0,Quảng Ninh,Bắc,2021-11-16,Hotline,B
PH0120,Nhà thuốc,2009.0,Tiền Giang,Nam,2022-05-04,Referral,B
PH0121,Phòng khám,2020.0,An Giang,Nam,2023-12-11,Web portal,C
PH0122,Phòng khám,2017.0,An Giang,Nam,14/01/2021,Referral,B
PH0123,Nhà thuốc,2000.0,Hải Dương,Bắc,2025-06-08,Hotline,A
PH0124,Phòng khám,2011.0,Lạng Sơn,Bắc,2024-01-11,Sales rep,B
PH0125,Nhà thuốc,1998.0,Khánh Hòa,Trung,2023-11-09,Hotline,B
PH0126,Quầy thuốc,,Thanh Hóa,Trung,2024-12-20,Referral,B
PH0127,Quầy thuốc,2002.0,Tiền Giang,Nam,2020-02-21,Referral,B
PH0128,Nhà thuốc,1995.0,Long An,Nam,2021-11-15,Sales rep,B
PH0129,Nhà thuốc,,Hải Dương,Bắc,2020-09-26,,B
PH0130,Nhà thuốc,1999.0,Đồng Nai,Nam,2020-12-03,Referral,
PH0131,Quầy thuốc,,Hải Dương,Bắc,2023-03-06,Sales rep,B
PH0132,Quầy thuốc,2013.0,Bắc Ninh,Bắc,2023-01-30,Sales rep,
PH0133,Quầy thuốc,2004.0,Tiền Giang,Nam,2023-08-03,Sales rep,B
PH0134,,2023.0,Lạng Sơn,Bắc,01-08-2024,Sales rep,C
PH0135,Quầy thuốc,1996.0,,Bắc,04-03-2024,Web portal,
PH0136,Nhà thuốc,1996.0,Hải Dương,Bắc,2022-02-01,Hotline,C
PH0137,Bệnh viện,2008.0,Cần Thơ,Nam,06-21-2023,Sales rep,B
PH0138,Khác,2024.0,Tiền Giang,Nam,2024-10-18,Sales rep,B
PH0139,Phòng khám,2014.0,Nghệ An,Trung,2020-01-04,Referral,C
PH0140,Quầy thuốc,2003.0,Thừa Thiên Huế,Trung,2020-02-27,Referral,B
PH0141,,2023.0,Long An,Nam,2023-08-25,Sales rep,B
PH0142,Phòng khám,2005.0,Cần Thơ,Nam,2024-07-13,Referral,B
PH0143,Phòng khám,2012.0,Hải Phòng,Bắc,2022-09-25,Web portal,C
PH0144,Nhà thuốc,2012.0,An Giang,Nam,2023-07-21,Referral,C
PH0145,Nhà thuốc,2016.0,Bình Định,Trung,2025-06-04,Sales rep,C
PH0146,Quầy thuốc,2022.0,Bình Định,Trung,2024-05-03,Web portal,C
PH0147,Nhà thuốc,2010.0,Thanh Hóa,Trung,08-17-2020,Sales rep,
PH0148,Nhà thuốc,2002.0,Đồng Nai,Nam,2023-11-16,Sales rep,C
PH0149,Nhà thuốc,,Nghệ An,Trung,2020-10-08,Sales rep,B
PH0150,Nhà thuốc,1999.0,Bà Rịa - Vũng Tàu,Nam,11-15-2020,Web portal,B
PH0151,Nhà thuốc,2023.0,Bà Rịa - Vũng Tàu,Nam,2023-12-25,Hotline,B
PH0152,Nhà thuốc,2004.0,Hải Dương,Bắc,2022-04-20,Sales rep,B
PH0153,,2016.0,Đà Nẵng,Trung,09-10-2022,Web portal,A
PH0154,Phòng khám,,Nghệ An,Trung,2024-06-15,Referral,B
PH0155,Bệnh viện,1999.0,Tiền Giang,Nam,01-16-2021,Web portal,C
PH0156,,1997.0,Bình Định,Trung,2023-09-16,Hotline,A
PH0157,Quầy thuốc,2010.0,Đắk Lắk,Trung,2020-10-03,Referral,B
PH0158,Phòng khám,2013.0,Quảng Nam,Trung,2023-01-16,Referral,C
PH0159,,2021.0,Tiền Giang,Nam,03/08/2022,Hotline,B
PH0160,Quầy thuốc,2023.0,Quảng Nam,Trung,2023-04-26,Web portal,B
PH0161,Nhà thuốc,2002.0,Long An,Nam,2024-04-18,Web portal,B
PH0162,Nhà thuốc,1995.0,Bình Dương,Nam,2023-12-13,Referral,
PH0163,Quầy thuốc,2015.0,Hà Nội,Bắc,2021-10-24,Web portal,B
PH0164,Nhà thuốc,2022.0,Thừa Thiên Huế,Trung,2022-09-19,Sales rep,C
PH0165,Quầy thuốc,2022.0,Tiền Giang,Nam,2023-02-28,Hotline,A
PH0166,Quầy thuốc,2001.0,Khánh Hòa,Trung,2020-07-11,Referral,C
PH0167,Nhà thuốc,2019.0,Bình Dương,Nam,2023-02-10,Web portal,A
PH0168,Quầy thuốc,,Thái Nguyên,Bắc,2024-09-05,Web portal,C
PH0169,Nhà thuốc,2004.0,Đắk Lắk,Trung,2023-05-12,Referral,B
PH0170,Nhà thuốc,2017.0,Bình Định,Trung,2024-01-10,Sales rep,B
PH0171,Nhà thuốc,2016.0,Quảng Nam,Trung,2020-05-22,Hotline,
PH0172,Nhà thuốc,2020.0,Hải Phòng,Bắc,2023-01-19,Referral,C
PH0173,Phòng khám,2022.0,Cần Thơ,Nam,2024-04-19,Referral,B
PH0174,Nhà thuốc,1998.0,Bình Dương,Nam,2022-05-16,Web portal,B
PH0175,Nhà thuốc,2020.0,Quảng Nam,Trung,2021-03-03,Sales rep,A
PH0176,Quầy thuốc,2017.0,Lạng Sơn,Bắc,2025-02-16,Sales rep,B
PH0177,Quầy thuốc,2013.0,Bà Rịa - Vũng Tàu,Nam,2021-10-18,Sales rep,B
PH0178,Nhà thuốc,1999.0,Hải Dương,Bắc,2020-02-06,,C
PH0179,Nhà thuốc,2020.0,TP.HCM,Nam,12-07-2020,Web portal,C
PH0180,Quầy thuốc,2019.0,Lạng Sơn,Bắc,02-23-2025,Referral,B
PH0181,Quầy thuốc,2022.0,Quảng Ninh,Bắc,31/05/2022,Hotline,A
PH0182,Quầy thuốc,2010.0,Tiền Giang,Nam,2022-05-14,Web portal,B
PH0183,Nhà thuốc,2008.0,Quảng Nam,Trung,2021-09-13,,B
PH0184,Quầy thuốc,1995.0,Quảng Nam,Trung,2023-10-31,Hotline,B
PH0185,Phòng khám,2000.0,Lạng Sơn,Bắc,2024-01-18,Referral,A
PH0186,Quầy thuốc,2006.0,TP.HCM,Nam,2024-08-26,Hotline,C
PH0187,Nhà thuốc,2007.0,Quảng Ninh,Bắc,2020-12-02,Sales rep,C
PH0188,Nhà thuốc,1998.0,Lạng Sơn,Bắc,2024-03-11,Web portal,C
PH0189,Nhà thuốc,2018.0,,Bắc,2025-06-09,Referral,B
PH0190,Quầy thuốc,2005.0,Đồng Nai,Nam,2023-10-07,Referral,A
PH0191,Quầy thuốc,2010.0,Bà Rịa - Vũng Tàu,Nam,2020-08-15,Hotline,C
PH0192,Phòng khám,,Thái Nguyên,Bắc,2023-04-16,Sales rep,A
PH0193,Nhà thuốc,2000.0,Thanh Hóa,Trung,2020-01-01,Referral,B
PH0194,Phòng khám,2000.0,Hải Phòng,Bắc,2025-04-09,Web portal,B
PH0195,Nhà thuốc,2003.0,Quảng Nam,Trung,2023-06-06,Hotline,B
PH0196,Phòng khám,2006.0,Nghệ An,Trung,2021-10-28,Web portal,B
PH0197,Nhà thuốc,2017.0,Hải Dương,Bắc,2022-07-26,Sales rep,B
PH0198,Quầy thuốc,2007.0,Bình Định,Trung,2022-07-12,Web portal,B
PH0199,Nhà thuốc,1997.0,Đồng Nai,Nam,2023-11-19,Web portal,A
PH0200,Nhà thuốc,2015.0,Thừa Thiên Huế,Trung,2024-08-03,Hotline,B
PH0201,Quầy thuốc,1997.0,Cần Thơ,Nam,07-18-2022,Sales rep,B
PH0202,Phòng khám,2023.0,Bắc Ninh,Bắc,2023-03-29,Sales rep,A
PH0203,Nhà thuốc,2008.0,Đà Nẵng,Trung,2022-12-16,Hotline,C
PH0204,Nhà thuốc,2021.0,Bắc Ninh,Bắc,2021-02-03,Web portal,A
PH0205,Bệnh viện,2024.0,Bình Định,Trung,2024-10-18,Referral,
PH0206,Nhà thuốc,2020.0,Khánh Hòa,Trung,2024-11-08,Referral,
PH0207,Phòng khám,2007.0,Quảng Ninh,Bắc,07-01-2021,Sales rep,A
PH0208,Quầy thuốc,2003.0,,Bắc,29/05/2020,Referral,A
PH0209,Nhà thuốc,2008.0,Tiền Giang,Nam,2020-08-07,Web portal,B
PH0210,Nhà thuốc,2019.0,Long An,Nam,2021-05-09,Sales rep,A
PH0211,Bệnh viện,2000.0,Hải Phòng,Bắc,2020-06-27,Web portal,C
PH0212,Quầy thuốc,2004.0,Nghệ An,Trung,2023-11-24,Sales rep,
PH0213,Quầy thuốc,1995.0,Hải Phòng,Bắc,2024-09-18,Referral,B
PH0214,Phòng khám,2020.0,Đắk Lắk,Trung,2023-05-13,Referral,
PH0215,Phòng khám,2016.0,Nam Định,Bắc,2020-07-16,Web portal,A
PH0216,Quầy thuốc,1995.0,Hải Dương,Bắc,2023-11-04,Web portal,B
PH0217,Nhà thuốc,2013.0,Bình Dương,Nam,2024-03-09,Web portal,C
PH0218,Quầy thuốc,2018.0,Đắk Lắk,Trung,10/10/2024,Referral,A
PH0219,Phòng khám,1996.0,Đồng Nai,Nam,2021-08-07,Web portal,A
PH0220,Nhà thuốc,2011.0,Khánh Hòa,Trung,2021-03-25,Hotline,A
PH0221,Phòng khám,2002.0,Thừa Thiên Huế,Trung,2020-08-05,Hotline,B
PH0222,Quầy thuốc,2019.0,Quảng Ninh,Bắc,2022-02-12,Referral,B
PH0223,,2008.0,Quảng Nam,Trung,2020-03-22,Sales rep,C
PH0224,Phòng khám,2010.0,Đồng Nai,Nam,2025-06-16,Referral,C
PH0225,Nhà thuốc,2019.0,Thanh Hóa,Trung,2023-11-25,Web portal,B
PH0226,Phòng khám,2014.0,Cần Thơ,Nam,2023-02-22,Referral,C
PH0227,Phòng khám,2016.0,Thái Nguyên,Bắc,2024-02-04,Referral,B
PH0228,Nhà thuốc,2022.0,Khánh Hòa,Trung,2025-02-18,Web portal,C
PH0229,Quầy thuốc,2021.0,Thừa Thiên Huế,Trung,2022-03-08,Web portal,A
PH0230,Nhà thuốc,,Cần Thơ,Nam,2024-05-13,Web portal,B
PH0231,Quầy thuốc,2018.0,Quảng Nam,Trung,2024-06-06,Web portal,B
PH0232,Nhà thuốc,2005.0,Đà Nẵng,Trung,2022-11-14,,A
PH0233,Phòng khám,2019.0,Nam Định,Bắc,2023-06-11,Referral,B
PH0234,Phòng khám,2014.0,Đà Nẵng,Trung,2025-01-26,Hotline,
PH0235,Nhà thuốc,1996.0,Thái Nguyên,Bắc,2022-09-02,Hotline,A
PH0236,Nhà thuốc,2017.0,Bình Dương,Nam,29/05/2024,,A
PH0237,Quầy thuốc,,Bắc Ninh,Bắc,2024-11-11,Hotline,A
PH0238,Nhà thuốc,2007.0,Hà Nội,Bắc,2023-12-23,Sales rep,C
PH0239,Phòng khám,2022.0,An Giang,Nam,2025-01-18,Hotline,
PH0240,Quầy thuốc,2006.0,An Giang,Nam,2023-03-23,Hotline,A
PH0241,Nhà thuốc,2007.0,Bình Dương,Nam,2024-11-05,Referral,B
PH0242,Quầy thuốc,2023.0,Đà Nẵng,Trung,2024-03-24,Web portal,B
PH0243,Bệnh viện,1996.0,,Bắc,2021-10-04,Referral,B
PH0244,Quầy thuốc,2014.0,Hải Phòng,Bắc,12/02/2022,Sales rep,C
PH0245,Bệnh viện,2015.0,Long An,Nam,2025-04-25,Referral,A
PH0246,Phòng khám,2003.0,Quảng Nam,Trung,2023-07-15,Sales rep,B
PH0247,Bệnh viện,2016.0,Long An,Nam,2020-09-28,Web portal,A
PH0248,Nhà thuốc,2012.0,Hải Phòng,Bắc,2021-10-31,Referral,B
PH0249,Quầy thuốc,1999.0,Thanh Hóa,Trung,2025-06-10,Web portal,A
PH0250,Bệnh viện,2010.0,Bình Định,Trung,2023-09-10,Referral,A
PH0251,Quầy thuốc,2020.0,Bình Định,Trung,2020-09-24,Sales rep,B
PH0252,,2021.0,Khánh Hòa,Trung,2021-12-26,Sales rep,B
PH0253,Quầy thuốc,1997.0,Quảng Ninh,Bắc,2020-05-31,Sales rep,B
PH0254,Bệnh viện,2022.0,Thanh Hóa,Trung,2023-07-15,Hotline,B
PH0255,Nhà thuốc,2017.0,Thanh Hóa,Trung,2024-09-27,Hotline,A
PH0256,Quầy thuốc,2005.0,Bình Định,Trung,2025-05-27,Referral,B
PH0257,Bệnh viện,2021.0,Long An,Nam,2021-09-25,Hotline,A
PH0258,Phòng khám,2015.0,Bắc Ninh,Bắc,2024-02-15,Web portal,B
PH0259,Nhà thuốc,2001.0,Thái Nguyên,Bắc,2022-03-03,Sales rep,B
PH0260,Phòng khám,2008.0,Thái Nguyên,Bắc,08/03/2023,Hotline,B
PH0261,Nhà thuốc,2016.0,Thừa Thiên Huế,Trung,2023-05-26,Hotline,C
PH0262,Nhà thuốc,2006.0,Thừa Thiên Huế,Trung,2021-12-18,Web portal,
PH0263,Phòng khám,2006.0,TP.HCM,Nam,2024-08-05,Referral,A
PH0264,Nhà thuốc,2002.0,Bắc Ninh,Bắc,2022-08-09,Sales rep,B
PH0265,Quầy thuốc,2007.0,Bắc Ninh,Bắc,2020-12-04,Hotline,A
PH0266,Nhà thuốc,2018.0,Nghệ An,Trung,2022-12-07,Sales rep,B
PH0267,Phòng khám,,Bình Dương,Nam,14/09/2024,Sales rep,C
PH0268,Nhà thuốc,2023.0,,Bắc,2024-02-20,Hotline,B
PH0269,,2000.0,Bình Dương,Nam,2023-05-23,Web portal,B
PH0270,Phòng khám,2004.0,,Trung,2020-01-15,Referral,C
PH0271,Nhà thuốc,2005.0,Hải Phòng,Bắc,2025-01-01,Referral,B
PH0272,Nhà thuốc,2006.0,Thừa Thiên Huế,Trung,08-05-2020,Referral,B
PH0273,Quầy thuốc,2009.0,Nam Định,Bắc,2022-01-29,Hotline,A
PH0274,Nhà thuốc,1995.0,Đà Nẵng,Trung,11-13-2022,Sales rep,A
PH0275,Quầy thuốc,,Tiền Giang,Nam,2025-02-09,Hotline,C
PH0276,Nhà thuốc,,TP.HCM,Nam,2024-07-09,Web portal,A
PH0277,Nhà thuốc,2005.0,Nghệ An,Trung,2022-11-13,Web portal,C
PH0278,Phòng khám,2016.0,Hải Dương,Bắc,2023-10-07,Sales rep,B
PH0279,Quầy thuốc,1998.0,Hải Phòng,Bắc,03/06/2024,Referral,C
PH0280,Nhà thuốc,2004.0,An Giang,Nam,2021-08-05,Web portal,C
PH0281,Quầy thuốc,2013.0,Cần Thơ,Nam,10-18-2023,Web portal,A
PH0282,Phòng khám,1999.0,Đà Nẵng,Trung,2024-02-03,Sales rep,A
PH0283,Phòng khám,2011.0,Bình Định,Trung,2022-04-05,Referral,C
PH0284,Phòng khám,2013.0,Long An,Nam,2021-06-06,Sales rep,A
PH0285,Nhà thuốc,2016.0,Tiền Giang,Nam,2022-04-30,Hotline,B
PH0286,Nhà thuốc,2002.0,Tiền Giang,Nam,2024-10-28,Referral,C
PH0287,Quầy thuốc,2004.0,Long An,Nam,2020-07-12,Referral,B
PH0288,Quầy thuốc,2016.0,TP.HCM,Nam,2023-03-26,Referral,B
PH0289,Nhà thuốc,2000.0,Thừa Thiên Huế,Trung,2020-05-24,Referral,C
PH0290,Nhà thuốc,2022.0,Bình Dương,Nam,03-05-2025,Referral,C
PH0291,Nhà thuốc,1999.0,Quảng Nam,Trung,2024-07-24,Hotline,B
PH0292,Phòng khám,2016.0,Nam Định,Bắc,2020-02-15,Web portal,B
PH0293,Nhà thuốc,2013.0,Cần Thơ,Nam,2023-11-03,Sales rep,A
PH0294,Nhà thuốc,2001.0,Bà Rịa - Vũng Tàu,Nam,2020-10-18,Web portal,C
PH0295,Nhà thuốc,2024.0,Thừa Thiên Huế,Trung,2024-07-15,Sales rep,B
PH0296,Nhà thuốc,2016.0,Hải Phòng,Bắc,12-26-2022,Sales rep,A
PH0297,Nhà thuốc,2003.0,Đồng Nai,Nam,2023-02-27,Hotline,C
PH0298,Phòng khám,2009.0,,Nam,2024-08-17,Web portal,B
PH0299,Nhà thuốc,2000.0,TP.HCM,Nam,2021-04-24,Web portal,A
PH0300,Phòng khám,1997.0,TP.HCM,Nam,2024-02-29,,A
PH0301,,1800.0,Cần Thơ,Nam,07/02/2024,Referral,A
PH0302,Nhà thuốc,2002.0,Bình Dương,Nam,2020-03-13,Web portal,B
PH0303,Bệnh viện,1995.0,Thanh Hóa,Trung,20/05/2023,Referral,B
PH0304,Quầy thuốc,2003.0,Thanh Hóa,Trung,2021-08-16,Sales rep,A
PH0305,Phòng khám,1997.0,Bình Định,Trung,2023-12-17,Hotline,B
PH0306,Quầy thuốc,,Bắc Ninh,Bắc,2024-12-10,Referral,C
PH0307,Quầy thuốc,2023.0,Thanh Hóa,Trung,12/03/2023,Hotline,B
PH0308,Nhà thuốc,2003.0,Đà Nẵng,Trung,2024-02-04,Hotline,B
PH0309,???,2017.0,Long An,Nam,2025-04-04,Sales rep,B
PH0310,Quầy thuốc,2007.0,Quảng Nam,Trung,2021-09-26,,
PH0311,Quầy thuốc,2012.0,Long An,Nam,2023-12-10,Hotline,B
PH0312,Quầy thuốc,2001.0,Hải Dương,Bắc,2024-05-03,Web portal,B
PH0313,Nhà thuốc,2005.0,,Nam,2022-02-15,Hotline,
PH0314,Nhà thuốc,2022.0,Đắk Lắk,Trung,2023-10-18,Web portal,B
PH0315,Nhà thuốc,2005.0,Bình Định,Trung,2024-03-27,Hotline,C
PH0316,Quầy thuốc,2012.0,Long An,Nam,18/04/2025,Web portal,B
PH0317,,2011.0,Lạng Sơn,Bắc,2023-09-23,Web portal,B
PH0318,Quầy thuốc,2020.0,Tiền Giang,Nam,2023-12-16,Sales rep,B
PH0319,Phòng khám,2014.0,Bắc Ninh,Bắc,2024-05-29,Referral,
PH0320,Quầy thuốc,2006.0,Đồng Nai,Nam,2024-12-16,Sales rep,C
PH0321,Quầy thuốc,2001.0,TP.HCM,Nam,2023-07-09,Web portal,B
PH0322,Nhà thuốc,1998.0,Hải Dương,Bắc,2020-09-05,Referral,
PH0323,Nhà thuốc,2013.0,Bình Dương,Nam,2024-08-23,Hotline,C
PH0324,Nhà thuốc,2004.0,Bắc Ninh,Bắc,2021-12-03,Web portal,B
PH0325,Bệnh viện,2020.0,An Giang,Nam,2021-07-29,Hotline,B
PH0326,Nhà thuốc,2020.0,Bắc Ninh,Bắc,2022-03-19,Referral,C
PH0327,Nhà thuốc,2018.0,Thanh Hóa,Trung,2023-06-27,Web portal,A
PH0328,Nhà thuốc,2018.0,Thanh Hóa,Trung,2022-04-30,Sales rep,B
PH0329,Quầy thuốc,2022.0,Lạng Sơn,Bắc,2025-04-20,Referral,A
PH0330,Quầy thuốc,2004.0,Bình Định,Trung,2021-04-20,Referral,C
PH0331,Nhà thuốc,2019.0,Hải Phòng,Bắc,2021-02-21,Hotline,B
PH0332,,2011.0,Hải Phòng,Bắc,2021-06-30,Sales rep,C
PH0333,Phòng khám,2001.0,Thái Nguyên,Bắc,2023-05-07,Web portal,B
PH0334,Bệnh viện,2023.0,Bắc Ninh,Bắc,06-01-2023,Hotline,A
PH0335,Nhà thuốc,2022.0,Thừa Thiên Huế,Trung,2023-04-08,Referral,A
PH0336,Phòng khám,2020.0,Đà Nẵng,Trung,2024-12-26,Sales rep,C
PH0337,Nhà thuốc,2007.0,Hải Phòng,Bắc,2024-12-12,Hotline,B
PH0338,Bệnh viện,2022.0,Đồng Nai,Nam,01-15-2022,Hotline,C
PH0339,Quầy thuốc,2014.0,Long An,Nam,16/01/2020,Sales rep,C
PH0340,Quầy thuốc,2001.0,Khánh Hòa,Trung,2021-11-29,Web portal,A
PH0341,Nhà thuốc,1996.0,Bắc Ninh,Bắc,04-15-2022,Hotline,B
PH0342,Phòng khám,2017.0,Thanh Hóa,Trung,2023-03-22,,C
PH0343,Nhà thuốc,1998.0,Đà Nẵng,Trung,2020-04-13,Hotline,B
PH0344,Nhà thuốc,2004.0,Tiền Giang,Nam,01-14-2020,Referral,C
PH0345,Nhà thuốc,2002.0,Tiền Giang,Nam,2023-04-18,Web portal,C
PH0346,Nhà thuốc,2011.0,Thừa Thiên Huế,Trung,2023-12-13,,A
PH0347,Phòng khám,2012.0,Bà Rịa - Vũng Tàu,Nam,2020-12-13,Web portal,C
PH0348,,2005.0,Đồng Nai,Nam,04-15-2022,Hotline,A
PH0349,Nhà thuốc,1996.0,Quảng Ninh,Bắc,2023-11-24,Referral,A
PH0350,Quầy thuốc,2007.0,Long An,Nam,2022-04-04,Sales rep,A
PH0351,Nhà thuốc,1995.0,Đà Nẵng,Trung,2024-05-09,Hotline,B
PH0352,Quầy thuốc,2012.0,,Bắc,2020-11-21,Hotline,B
PH0353,Nhà thuốc,2021.0,Quảng Ninh,Bắc,2023-01-20,Web portal,A
PH0354,Quầy thuốc,2017.0,Quảng Ninh,Bắc,11-09-2020,,A
PH0355,Nhà thuốc,1995.0,Quảng Ninh,Bắc,10/11/2023,Web portal,A
PH0356,Nhà thuốc,2007.0,Hà Nội,Bắc,2020-05-19,Hotline,B
PH0357,Nhà thuốc,1999.0,Khánh Hòa,Trung,2022-09-07,Sales rep,B
PH0358,Quầy thuốc,2008.0,Thái Nguyên,Bắc,2024-08-08,Sales rep,B
PH0359,,2018.0,Đà Nẵng,Trung,2022-12-07,Hotline,A
PH0360,Phòng khám,2004.0,Nam Định,Bắc,2022-07-20,Referral,B
PH0361,Nhà thuốc,1997.0,Đà Nẵng,Trung,05/01/2023,Referral,C
PH0362,Nhà thuốc,2016.0,Thừa Thiên Huế,Trung,2020-06-06,Referral,C
PH0363,Quầy thuốc,1997.0,Khánh Hòa,Trung,29/11/2024,Referral,C
PH0364,Phòng khám,2004.0,Bà Rịa - Vũng Tàu,Nam,07/07/2021,Sales rep,A
PH0365,Nhà thuốc,2002.0,Bắc Ninh,Bắc,2023-12-10,Hotline,A
PH0366,N/A,2005.0,Bà Rịa - Vũng Tàu,Nam,2023-02-14,,C
PH0367,Nhà thuốc,2013.0,Hải Dương,Bắc,2024-12-31,Sales rep,B
PH0368,Nhà thuốc,2011.0,Quảng Nam,Trung,2022-07-25,Sales rep,B
PH0369,Nhà thuốc,2022.0,Bắc Ninh,Bắc,2024-05-28,Referral,B
PH0370,Nhà thuốc,1997.0,Thanh Hóa,Trung,2024-02-16,Sales rep,A
PH0371,Quầy thuốc,2013.0,Quảng Ninh,Bắc,2020-12-10,Web portal,C
PH0372,Nhà thuốc,1800.0,Nam Định,Bắc,2024-11-07,Web portal,B
PH0373,Nhà thuốc,,Đồng Nai,Nam,2024-11-01,,A
PH0374,,1998.0,Đồng Nai,Nam,2021-12-16,Sales rep,B
PH0375,Quầy thuốc,2024.0,Thanh Hóa,Trung,2024-07-23,Sales rep,B
PH0376,Quầy thuốc,2004.0,Bà Rịa - Vũng Tàu,Nam,2024-09-25,Hotline,B
PH0377,Quầy thuốc,2023.0,Bình Dương,Nam,2023-04-07,Sales rep,B
PH0378,,,Nam Định,Bắc,14/03/2020,Sales rep,C
PH0379,Quầy thuốc,2006.0,Hà Nội,Bắc,2024-09-12,Referral,B
PH0380,Nhà thuốc,2021.0,Quảng Nam,Trung,2021-11-09,Sales rep,C
PH0381,Quầy thuốc,1997.0,Khánh Hòa,Trung,08-20-2022,Web portal,C
PH0382,,2009.0,Lạng Sơn,Bắc,2022-10-03,Hotline,C
PH0383,Quầy thuốc,2011.0,Quảng Ninh,Bắc,10-20-2022,Referral,A
PH0384,Quầy thuốc,2022.0,Thanh Hóa,Trung,2022-10-29,Web portal,A
PH0385,,2021.0,Tiền Giang,Nam,2025-05-23,Referral,B
PH0386,Nhà thuốc,2010.0,Đắk Lắk,Trung,2021-05-21,Web portal,C
PH0387,Phòng khám,2023.0,Bắc Ninh,Bắc,2023-11-21,Hotline,B
PH0388,Phòng khám,2019.0,Đắk Lắk,Trung,2022-05-06,Referral,B
PH0389,Quầy thuốc,2020.0,Quảng Ninh,Bắc,2022-06-08,Sales rep,
PH0390,Phòng khám,2014.0,Bình Định,Trung,2022-02-14,Referral,B
PH0391,Nhà thuốc,2013.0,,Bắc,2022-01-08,Hotline,B
PH0392,Nhà thuốc,1998.0,Nghệ An,Trung,2024-06-29,Hotline,C
PH0393,,,Cần Thơ,Nam,2021-02-11,Sales rep,C
PH0394,Phòng khám,2000.0,An Giang,Nam,2022-10-09,Sales rep,C
PH0395,Phòng khám,2001.0,Hải Dương,Bắc,2021-05-13,Hotline,
PH0396,Nhà thuốc,2014.0,Quảng Nam,Trung,2020-02-15,Hotline,B
PH0397,Nhà thuốc,2013.0,Thừa Thiên Huế,Trung,2024-06-05,Referral,A
PH0398,Nhà thuốc,2012.0,Hà Nội,Bắc,26/05/2020,Referral,A
PH0399,Nhà thuốc,1995.0,,Trung,2021-08-12,Hotline,A
PH0400,Phòng khám,2010.0,Khánh Hòa,Trung,2021-12-26,Web portal,C
PH0401,Quầy thuốc,2010.0,,Nam,17/02/2025,Referral,B
PH0402,Nhà thuốc,2010.0,Quảng Nam,Trung,2022-09-26,Referral,A
PH0403,Phòng khám,1999.0,Đà Nẵng,Trung,2021-10-07,Hotline,A
PH0404,Phòng khám,1997.0,Lạng Sơn,Bắc,2025-01-22,Web portal,B
PH0405,Quầy thuốc,2021.0,Nam Định,Bắc,2024-05-25,Hotline,B
PH0406,Nhà thuốc,2005.0,Nghệ An,Trung,2025-02-12,Referral,B
PH0407,Bệnh viện,2000.0,Đồng Nai,Nam,2020-07-23,Sales rep,B
PH0408,Phòng khám,1996.0,Khánh Hòa,Trung,2025-06-21,Hotline,
PH0409,Quầy thuốc,2011.0,Cần Thơ,Nam,2022-04-07,Referral,C
PH0410,Nhà thuốc,2002.0,,Bắc,2022-04-13,Sales rep,B
PH0411,Quầy thuốc,2001.0,Long An,Nam,2020-03-13,Referral,B
PH0412,Quầy thuốc,2015.0,Bắc Ninh,Bắc,16/04/2023,Referral,C
PH0413,Quầy thuốc,2012.0,Hải Dương,Bắc,06-28-2023,Hotline,
PH0414,Nhà thuốc,2001.0,Bình Định,Trung,2021-03-24,Web portal,A
PH0415,Phòng khám,2012.0,Thanh Hóa,Trung,2020-12-10,Web portal,B
PH0416,,2022.0,Bắc Ninh,Bắc,2023-12-13,Referral,C
PH0417,Nhà thuốc,2014.0,Hà Nội,Bắc,2023-02-10,Sales rep,B
PH0418,Quầy thuốc,2000.0,An Giang,Nam,2025-06-28,Hotline,A
PH0419,Nhà thuốc,2016.0,An Giang,Nam,2022-06-16,Sales rep,B
PH0420,Nhà thuốc,2021.0,Bình Định,Trung,17/02/2022,Referral,A
PH0421,Phòng khám,2024.0,Quảng Ninh,Bắc,06-27-2024,Web portal,C
PH0422,Bệnh viện,2018.0,Khánh Hòa,Trung,2023-08-21,Hotline,B
PH0423,Nhà thuốc,1998.0,Thừa Thiên Huế,Trung,2020-12-26,Referral,B
PH0424,Bệnh viện,2006.0,Tiền Giang,Nam,2020-07-17,Referral,B
PH0425,Phòng khám,2011.0,Đà Nẵng,Trung,2024-06-01,Web portal,
PH0426,Phòng khám,1999.0,An Giang,Nam,18/03/2024,Referral,B
PH0427,Nhà thuốc,2002.0,Bình Định,Trung,2022-08-29,Web portal,C
PH0428,Bệnh viện,1996.0,Đắk Lắk,Trung,2023-12-09,Web portal,C
PH0429,Quầy thuốc,2009.0,Tiền Giang,Nam,2021-08-23,Referral,C
PH0430,Bệnh viện,1999.0,Bắc Ninh,Bắc,2025-05-17,Referral,C
PH0431,Phòng khám,1999.0,Lạng Sơn,Bắc,2021-07-01,Sales rep,A
PH0432,Quầy thuốc,2021.0,Bà Rịa - Vũng Tàu,Nam,2021-12-30,Web portal,A
PH0433,Nhà thuốc,2003.0,Quảng Nam,Trung,2023-04-17,Referral,A
PH0434,N/A,2004.0,Đà Nẵng,Trung,2022-03-04,Referral,C
PH0435,Phòng khám,1995.0,Quảng Ninh,Bắc,2020-03-17,Web portal,B
PH0436,Nhà thuốc,2010.0,Hà Nội,Bắc,2023-06-24,Referral,C
PH0437,Nhà thuốc,2002.0,Bình Định,Trung,2020-09-23,Sales rep,C
PH0438,Phòng khám,1995.0,Hải Phòng,Bắc,2024-09-08,Hotline,C
PH0439,,1999.0,Quảng Nam,Trung,2023-08-11,Referral,A
PH0440,Quầy thuốc,2014.0,Hà Nội,Bắc,2021-11-18,Hotline,
PH0441,Nhà thuốc,1995.0,Bình Dương,Nam,2024-01-27,Referral,B
PH0442,Nhà thuốc,,Bình Định,Trung,2021-01-08,Web portal,A
PH0443,Quầy thuốc,2023.0,Long An,Nam,2025-01-27,Referral,
PH0444,Phòng khám,2005.0,Khánh Hòa,Trung,2021-11-08,Sales rep,B
PH0445,Bệnh viện,2002.0,TP.HCM,Nam,2025-03-24,Referral,A
PH0446,Nhà thuốc,2007.0,Thái Nguyên,Bắc,2023-10-07,Web portal,B
PH0447,Nhà thuốc,2015.0,TP.HCM,Nam,2024-08-08,Hotline,B
PH0448,Nhà thuốc,2012.0,Lạng Sơn,Bắc,09-13-2023,Hotline,B
PH0449,Bệnh viện,1998.0,Lạng Sơn,Bắc,01/02/2024,Web portal,B
PH0450,Quầy thuốc,2016.0,Bình Định,Trung,2022-06-14,Sales rep,B
PH0451,Quầy thuốc,2022.0,Thanh Hóa,Trung,2025-01-07,Sales rep,
PH0452,Nhà thuốc,2022.0,Đà Nẵng,Trung,2023-06-29,Referral,B
PH0453,Quầy thuốc,1998.0,Bình Định,Trung,30/07/2020,Sales rep,A
PH0454,Quầy thuốc,2006.0,Bình Định,Trung,22/06/2025,Web portal,A
PH0455,Phòng khám,1996.0,Bà Rịa - Vũng Tàu,Nam,2024-09-10,Hotline,B
PH0456,Quầy thuốc,2000.0,Lạng Sơn,Bắc,2022-01-17,Hotline,B
PH0457,Bệnh viện,2014.0,Thái Nguyên,Bắc,2023-12-12,Referral,A
PH0458,Nhà thuốc,2022.0,Thừa Thiên Huế,Trung,05-13-2025,,B
PH0459,Quầy thuốc,2012.0,Quảng Nam,Trung,2024-07-14,Sales rep,B
PH0460,Quầy thuốc,2015.0,Đà Nẵng,Trung,11-28-2024,Referral,C
PH0461,Quầy thuốc,2001.0,TP.HCM,Nam,2021-02-09,Web portal,A
PH0462,Nhà thuốc,2006.0,Đắk Lắk,Trung,2020-05-25,Hotline,C
PH0463,Bệnh viện,2016.0,Nam Định,Bắc,2024-09-23,Sales rep,B
PH0464,Bệnh viện,2004.0,Bình Dương,Nam,2023-09-05,Hotline,A
PH0465,Nhà thuốc,2020.0,Bà Rịa - Vũng Tàu,Nam,2023-06-18,Hotline,B
PH0466,Quầy thuốc,2023.0,,Bắc,19/10/2023,Referral,C
PH0467,,1996.0,Hà Nội,Bắc,2021-04-02,Referral,B
PH0468,Quầy thuốc,1998.0,Khánh Hòa,Trung,2024-07-17,Sales rep,B
PH0469,Nhà thuốc,1997.0,Bà Rịa - Vũng Tàu,Nam,2021-06-23,Hotline,B
PH0470,Quầy thuốc,2010.0,Đồng Nai,Nam,2020-10-18,Referral,B
PH0471,Quầy thuốc,2024.0,Thái Nguyên,Bắc,2024-12-14,Sales rep,B
PH0472,Quầy thuốc,1999.0,Lạng Sơn,Bắc,16/01/2021,,
PH0473,Quầy thuốc,1998.0,Đồng Nai,Nam,02/10/2020,Hotline,C
PH0474,Nhà thuốc,2003.0,Bình Định,Trung,2022-11-30,Sales rep,B
PH0475,Nhà thuốc,2018.0,Đồng Nai,Nam,2025-03-21,Web portal,C
PH0476,Quầy thuốc,1997.0,Hà Nội,Bắc,2024-07-10,Sales rep,B
PH0477,Phòng khám,2012.0,TP.HCM,Nam,2020-10-09,Web portal,B
PH0478,Nhà thuốc,2017.0,Quảng Ninh,Bắc,2024-01-02,Web portal,C
PH0479,Nhà thuốc,2004.0,Nghệ An,Trung,13/09/2023,Referral,C
PH0480,Bệnh viện,2002.0,Hà Nội,Bắc,08/10/2024,,C
PH0481,Quầy thuốc,1996.0,Tiền Giang,Nam,2021-07-03,Web portal,C
PH0482,Nhà thuốc,2011.0,Thanh Hóa,Trung,2022-06-04,Sales rep,B
PH0483,Quầy thuốc,2004.0,Thái Nguyên,Bắc,2020-09-10,Hotline,A
PH0484,Phòng khám,1996.0,Đồng Nai,Nam,2022-05-07,Sales rep,C
PH0485,Nhà thuốc,2011.0,Khánh Hòa,Trung,06-23-2023,Referral,A
PH0486,Khác,2007.0,Hải Dương,Bắc,2022-05-28,Web portal,A
PH0487,Phòng khám,,Quảng Ninh,Bắc,2024-01-22,Sales rep,C
PH0488,Nhà thuốc,2023.0,Thanh Hóa,Trung,2023-10-29,Sales rep,C
PH0489,Phòng khám,1998.0,Đồng Nai,Nam,2021-02-06,Sales rep,B
PH0490,Nhà thuốc,2014.0,Bà Rịa - Vũng Tàu,Nam,08-18-2022,Web portal,B
PH0491,Quầy thuốc,2001.0,Bà Rịa - Vũng Tàu,Nam,20/10/2021,Sales rep,C
PH0492,Phòng khám,2002.0,Thái Nguyên,Bắc,2024-11-21,Web portal,A
PH0493,Nhà thuốc,2017.0,Nghệ An,Trung,2020-02-03,Sales rep,B
PH0494,Quầy thuốc,2022.0,,Nam,2023-12-04,Web portal,A
PH0495,Phòng khám,2004.0,Hà Nội,Bắc,2023-12-23,Web portal,B
PH0496,Quầy thuốc,2012.0,Quảng Nam,Trung,2023-11-12,Referral,A
PH0497,Nhà thuốc,2010.0,Đà Nẵng,Trung,2023-02-13,Sales rep,C
PH0498,Nhà thuốc,2023.0,Long An,Nam,2024-12-27,Sales rep,B
PH0499,Nhà thuốc,2015.0,Đồng Nai,Nam,2021-03-05,Web portal,
PH0500,Nhà thuốc,2013.0,Đồng Nai,Nam,2024-06-22,Web portal,C
PH0501,Quầy thuốc,2023.0,Lạng Sơn,Bắc,2024-08-23,Referral,A
PH0502,Quầy thuốc,1998.0,Nghệ An,Trung,2025-01-08,Referral,C
PH0503,Nhà thuốc,2010.0,Long An,Nam,2023-09-15,Sales rep,B
PH0504,Phòng khám,2002.0,TP.HCM,Nam,2022-01-24,Web portal,B
PH0505,Nhà thuốc,,Thái Nguyên,Bắc,2022-04-29,Web portal,A
PH0506,Nhà thuốc,1995.0,Hà Nội,Bắc,2021-07-05,Hotline,A
PH0507,Quầy thuốc,2016.0,Thanh Hóa,Trung,13/07/2023,Web portal,A
PH0508,Quầy thuốc,2018.0,Khánh Hòa,Trung,2022-12-18,Hotline,B
PH0509,Nhà thuốc,2019.0,Bình Định,Trung,11-17-2021,Web portal,A
PH0510,Phòng khám,1995.0,Bình Định,Trung,2023-04-26,Web portal,
PH0511,Quầy thuốc,2009.0,Đà Nẵng,Trung,13/01/2025,Hotline,B
PH0512,Quầy thuốc,2017.0,Hà Nội,Bắc,2023-06-02,Web portal,B
PH0513,Bệnh viện,2020.0,Long An,Nam,2022-04-04,Hotline,A
PH0514,Quầy thuốc,1900.0,Tiền Giang,Nam,03/09/2022,Hotline,B
PH0515,Nhà thuốc,2012.0,Cần Thơ,Nam,2024-09-09,Sales rep,C
PH0516,Nhà thuốc,1998.0,Lạng Sơn,Bắc,2024-01-12,Hotline,B
PH0517,Nhà thuốc,2011.0,Khánh Hòa,Trung,2025-04-22,Hotline,A
PH0518,Phòng khám,1997.0,Đà Nẵng,Trung,2021-11-27,Web portal,
PH0519,,2020.0,Hà Nội,Bắc,2025-03-22,Hotline,B
PH0520,Nhà thuốc,2016.0,TP.HCM,Nam,04-08-2022,Sales rep,C
PH0521,,2002.0,Lạng Sơn,Bắc,2020-01-19,Sales rep,A
PH0522,Quầy thuốc,2003.0,Thanh Hóa,Trung,2025-01-18,Hotline,C
PH0523,Phòng khám,2019.0,Bình Dương,Nam,2021-01-05,Sales rep,B
PH0524,Nhà thuốc,2016.0,Thừa Thiên Huế,Trung,2023-03-17,Web portal,C
PH0525,Nhà thuốc,2014.0,Thừa Thiên Huế,Trung,2020-11-04,Web portal,A
PH0526,Nhà thuốc,2021.0,Nghệ An,Trung,2023-07-15,,B
PH0527,Nhà thuốc,2003.0,Hà Nội,Bắc,2020-11-08,Hotline,C
PH0528,Nhà thuốc,2011.0,Khánh Hòa,Trung,2022-04-17,Web portal,B
PH0529,Bệnh viện,2001.0,Thừa Thiên Huế,Trung,2023-05-04,Hotline,C
PH0530,Phòng khám,2006.0,Đắk Lắk,Trung,2023-11-29,Sales rep,C
PH0531,Quầy thuốc,2000.0,Bà Rịa - Vũng Tàu,Nam,11-11-2024,Sales rep,C
PH0532,Nhà thuốc,2005.0,Hà Nội,Bắc,2023-12-26,,A
PH0533,Quầy thuốc,2016.0,Nghệ An,Trung,28/01/2021,Hotline,A
PH0534,Phòng khám,,Tiền Giang,Nam,2023-07-03,Hotline,B
PH0535,Nhà thuốc,2021.0,Bình Dương,Nam,2021-12-07,Referral,C
PH0536,Phòng khám,2006.0,Bình Dương,Nam,2025-03-16,Referral,C
PH0537,Quầy thuốc,1997.0,TP.HCM,Nam,2020-01-11,Hotline,B
PH0538,Nhà thuốc,2012.0,An Giang,Nam,2022-10-25,Referral,B
PH0539,Nhà thuốc,2023.0,Long An,Nam,2024-08-13,Web portal,B
PH0540,Nhà thuốc,1999.0,Bình Định,Trung,2024-02-25,,B
PH0541,Quầy thuốc,2021.0,TP.HCM,Nam,2022-03-19,Web portal,B
PH0542,Quầy thuốc,2004.0,Đà Nẵng,Trung,18/10/2021,Sales rep,A
PH0543,Nhà thuốc,2013.0,Khánh Hòa,Trung,2023-12-14,Sales rep,A
PH0544,Nhà thuốc,2024.0,Quảng Nam,Trung,31/03/2024,Hotline,C
PH0545,Phòng khám,2022.0,Bắc Ninh,Bắc,2023-02-09,Web portal,
PH0546,Nhà thuốc,1999.0,Thừa Thiên Huế,Trung,07/09/2021,Sales rep,A
PH0547,Nhà thuốc,2005.0,Thanh Hóa,Trung,2020-06-17,Sales rep,A
PH0548,Quầy thuốc,2017.0,Bình Dương,Nam,2021-02-27,Hotline,B
PH0549,Phòng khám,2007.0,Quảng Nam,Trung,2023-09-03,Hotline,B
PH0550,Nhà thuốc,2021.0,Thừa Thiên Huế,Trung,02-02-2025,Referral,B
PH0551,Nhà thuốc,2011.0,Thái Nguyên,Bắc,2024-08-03,Hotline,C
PH0552,Nhà thuốc,2018.0,,Trung,2023-02-28,Sales rep,C
PH0553,Phòng khám,2003.0,Khánh Hòa,Trung,2020-07-21,Hotline,C
PH0554,Phòng khám,2002.0,Bắc Ninh,Bắc,2023-12-30,Sales rep,B
PH0555,Nhà thuốc,2023.0,Nam Định,Bắc,2024-10-21,,B
PH0556,Quầy thuốc,1996.0,Bình Định,Trung,2023-05-04,Web portal,B
PH0557,Bệnh viện,2005.0,,Trung,2020-06-05,Hotline,B
PH0558,Nhà thuốc,1997.0,Bình Định,Trung,2020-12-22,Hotline,B
PH0559,???,2005.0,TP.HCM,Nam,2024-11-12,Hotline,B
PH0560,Nhà thuốc,2022.0,Tiền Giang,Nam,2022-03-11,Sales rep,C
PH0561,Nhà thuốc,2022.0,Cần Thơ,Nam,2025-01-08,Sales rep,B
PH0562,Bệnh viện,1999.0,Quảng Ninh,Bắc,2022-02-25,Sales rep,B
PH0563,Nhà thuốc,2019.0,Thanh Hóa,Trung,2021-04-04,Sales rep,A
PH0564,Nhà thuốc,2004.0,Long An,Nam,2024-08-04,Sales rep,B
PH0565,Quầy thuốc,1996.0,Bình Định,Trung,2020-11-25,Web portal,C
PH0566,Quầy thuốc,2008.0,Thái Nguyên,Bắc,2020-02-17,,B
PH0567,Phòng khám,2007.0,Khánh Hòa,Trung,2024-06-04,Hotline,B
PH0568,Nhà thuốc,2005.0,Hải Phòng,Bắc,2023-07-29,Referral,C
PH0569,Quầy thuốc,2001.0,Hải Phòng,Bắc,2025-04-01,Referral,B
PH0570,Quầy thuốc,,,Nam,2020-07-15,Sales rep,A
PH0571,Bệnh viện,2007.0,Lạng Sơn,Bắc,14/12/2020,Referral,B
PH0572,Quầy thuốc,2000.0,Đồng Nai,Nam,2021-10-04,Referral,C
PH0573,Nhà thuốc,2013.0,Bà Rịa - Vũng Tàu,Nam,2021-09-07,Sales rep,A
PH0574,Nhà thuốc,2017.0,Đà Nẵng,Trung,2023-01-04,Referral,B
PH0575,Quầy thuốc,1998.0,Đắk Lắk,Trung,2025-04-19,,C
PH0576,,1998.0,Bà Rịa - Vũng Tàu,Nam,2023-02-03,Sales rep,A
PH0577,Quầy thuốc,2021.0,Đồng Nai,Nam,2025-04-19,Hotline,C
PH0578,Quầy thuốc,2021.0,Cần Thơ,Nam,2023-03-05,Sales rep,B
PH0579,Phòng khám,2021.0,An Giang,Nam,04-22-2022,Referral,A
PH0580,Bệnh viện,2009.0,Đà Nẵng,Trung,2022-02-12,Web portal,B
PH0581,Phòng khám,2013.0,Cần Thơ,Nam,2020-12-22,Web portal,C
PH0582,Nhà thuốc,2013.0,Long An,Nam,2020-02-19,Hotline,A
PH0583,Nhà thuốc,2017.0,Thái Nguyên,Bắc,2022-03-10,Referral,B
PH0584,Quầy thuốc,2016.0,Khánh Hòa,Trung,2023-11-17,Sales rep,C
PH0585,Bệnh viện,1996.0,An Giang,Nam,2021-03-30,Hotline,A
PH0586,Quầy thuốc,2003.0,Đồng Nai,Nam,2022-01-16,Referral,B
PH0587,,2023.0,Đắk Lắk,Trung,22/02/2024,Sales rep,C
PH0588,Nhà thuốc,2000.0,An Giang,Nam,2021-11-05,Sales rep,C
PH0589,Quầy thuốc,2002.0,Đồng Nai,Nam,2022-10-06,Sales rep,A
PH0590,Nhà thuốc,2030.0,,Bắc,2024-06-19,Web portal,C
PH0591,Nhà thuốc,1996.0,Lạng Sơn,Bắc,07-21-2023,Sales rep,B
PH0592,Nhà thuốc,1998.0,Đà Nẵng,Trung,2025-01-18,Referral,C
PH0593,Quầy thuốc,2010.0,,Bắc,2023-02-18,Hotline,A
PH0594,Quầy thuốc,2003.0,Nghệ An,Trung,2023-09-12,Web portal,B
PH0595,Phòng khám,2013.0,Lạng Sơn,Bắc,2023-05-04,Web portal,A
PH0596,Bệnh viện,2003.0,Khánh Hòa,Trung,2021-07-29,Referral,A
PH0597,Nhà thuốc,2017.0,Nghệ An,Trung,15/07/2020,Referral,
PH0598,Nhà thuốc,2020.0,Long An,Nam,2024-04-18,Hotline,C
PH0599,Phòng khám,2001.0,Thanh Hóa,Trung,2020-05-26,Referral,A
PH0600,,2017.0,Bà Rịa - Vũng Tàu,Nam,03-05-2020,Hotline,A
PH0601,Phòng khám,2018.0,Đồng Nai,Nam,2025-01-03,Web portal,B
PH0602,Nhà thuốc,2016.0,TP.HCM,Nam,2024-12-29,Web portal,C
PH0603,Quầy thuốc,1998.0,Nam Định,Bắc,09-16-2024,Referral,B
PH0604,Nhà thuốc,1998.0,Hải Dương,Bắc,2023-05-10,Hotline,B
PH0605,Nhà thuốc,2010.0,Đà Nẵng,Trung,2020-12-27,Referral,A
PH0606,Quầy thuốc,1996.0,Hải Phòng,Bắc,2025-06-14,,C
PH0607,Quầy thuốc,1997.0,Đắk Lắk,Trung,2020-08-16,Web portal,B
PH0608,Quầy thuốc,2013.0,An Giang,Nam,10-03-2023,Referral,B
PH0609,Quầy thuốc,2018.0,Đắk Lắk,Trung,2020-12-11,Web portal,A
PH0610,Nhà thuốc,2008.0,Hà Nội,Bắc,2025-03-29,Sales rep,B
PH0611,Phòng khám,2001.0,Tiền Giang,Nam,2025-04-18,Sales rep,B
PH0612,Nhà thuốc,1999.0,Quảng Ninh,Bắc,2022-02-02,Referral,
PH0613,Quầy thuốc,1995.0,Bình Dương,Nam,2020-01-06,Sales rep,B
PH0614,Quầy thuốc,2022.0,Nghệ An,Trung,2022-01-25,Web portal,B
PH0615,Nhà thuốc,2010.0,Bình Dương,Nam,2022-12-10,Sales rep,A
PH0616,Quầy thuốc,2021.0,Đà Nẵng,Trung,2025-05-15,Web portal,B
PH0617,Nhà thuốc,2021.0,Đồng Nai,Nam,2022-07-02,Hotline,A
PH0618,Phòng khám,2023.0,Hà Nội,Bắc,2025-01-16,Sales rep,B
PH0619,Nhà thuốc,2011.0,Hải Phòng,Bắc,2020-01-07,Referral,A
PH0620,Nhà thuốc,2009.0,Thanh Hóa,Trung,2021-07-17,Hotline,A
PH0621,Nhà thuốc,2016.0,Tiền Giang,Nam,2021-04-26,Referral,B
PH0622,Nhà thuốc,2024.0,Lạng Sơn,Bắc,2025-02-16,Sales rep,B
PH0623,Quầy thuốc,2011.0,,Bắc,2023-09-29,Hotline,A
PH0624,,2002.0,Đắk Lắk,Trung,2021-10-30,Hotline,C
PH0625,Nhà thuốc,2014.0,Bà Rịa - Vũng Tàu,Nam,2024-06-14,Sales rep,B
PH0626,Bệnh viện,1996.0,Khánh Hòa,Trung,2024-02-02,Web portal,B
PH0627,Nhà thuốc,2012.0,Đà Nẵng,Trung,2024-09-19,Sales rep,B
PH0628,,1995.0,TP.HCM,Nam,2022-12-30,Web portal,A
PH0629,???,2008.0,TP.HCM,Nam,2023-11-10,Sales rep,A
PH0630,Phòng khám,2013.0,Lạng Sơn,Bắc,27/11/2020,Sales rep,C
PH0631,Nhà thuốc,1999.0,,Bắc,2024-07-21,Referral,B
PH0632,Nhà thuốc,1996.0,,Trung,2021-08-10,Referral,B
PH0633,Nhà thuốc,2001.0,Bình Định,Trung,2021-01-23,Web portal,
PH0634,Bệnh viện,1999.0,Quảng Ninh,Bắc,2022-02-26,Referral,A
PH0635,Nhà thuốc,2023.0,Hà Nội,Bắc,03-08-2024,Sales rep,B
PH0636,Nhà thuốc,2019.0,Thanh Hóa,Trung,2023-03-08,Web portal,B
PH0637,Nhà thuốc,2016.0,Quảng Nam,Trung,2024-08-11,Hotline,B
PH0638,Bệnh viện,2002.0,Quảng Nam,Trung,2022-06-12,Web portal,C
PH0639,,2020.0,Bình Dương,Nam,2023-09-11,Hotline,A
PH0640,Nhà thuốc,2009.0,Bà Rịa - Vũng Tàu,Nam,2024-04-23,,C
PH0641,Bệnh viện,2023.0,Quảng Ninh,Bắc,2024-07-04,,A
PH0642,,2014.0,Nghệ An,Trung,2020-05-28,Web portal,B
PH0643,Phòng khám,2023.0,Cần Thơ,Nam,11-09-2024,Sales rep,B
PH0644,Nhà thuốc,2017.0,Bà Rịa - Vũng Tàu,Nam,2021-07-04,Hotline,B
PH0645,Phòng khám,1996.0,Lạng Sơn,Bắc,2022-07-27,Sales rep,C
PH0646,Bệnh viện,2015.0,Hà Nội,Bắc,2021-09-09,Hotline,B
PH0647,Nhà thuốc,2015.0,Hà Nội,Bắc,2024-01-05,Referral,B
PH0648,Nhà thuốc,2014.0,Đà Nẵng,Trung,09/08/2022,Hotline,B
PH0649,Quầy thuốc,2012.0,Quảng Ninh,Bắc,28/11/2023,Hotline,
PH0650,Quầy thuốc,2020.0,Nghệ An,Trung,2025-05-02,Hotline,C
PH0651,Nhà thuốc,1998.0,Bắc Ninh,Bắc,2021-12-12,Web portal,B
PH0652,Quầy thuốc,2020.0,Long An,Nam,2024-07-03,Referral,C
PH0653,Bệnh viện,2018.0,Đồng Nai,Nam,2022-06-26,Referral,B
PH0654,Nhà thuốc,2023.0,Bắc Ninh,Bắc,2025-01-30,Referral,B
PH0655,Nhà thuốc,1999.0,Đắk Lắk,Trung,2025-03-28,Referral,A
PH0656,Nhà thuốc,2016.0,Thừa Thiên Huế,Trung,2025-01-08,Referral,B
PH0657,Phòng khám,2024.0,Lạng Sơn,Bắc,20/04/2024,Hotline,A
PH0658,Nhà thuốc,2006.0,Hải Dương,Bắc,2022-07-14,Sales rep,B
PH0659,,1998.0,TP.HCM,Nam,2024-11-25,Sales rep,C
PH0660,Quầy thuốc,2019.0,Bình Dương,Nam,04-12-2020,Referral,A
PH0661,Nhà thuốc,,Long An,Nam,2025-03-11,Web portal,B
PH0662,Nhà thuốc,2004.0,Thanh Hóa,Trung,2024-10-12,Referral,B
PH0663,Nhà thuốc,2007.0,TP.HCM,Nam,2024-08-03,Sales rep,B
PH0664,Nhà thuốc,,Quảng Ninh,Bắc,2023-04-28,Referral,C
PH0665,Phòng khám,2017.0,Khánh Hòa,Trung,16/04/2020,Hotline,A
PH0666,Quầy thuốc,2002.0,Bắc Ninh,Bắc,2020-11-17,Referral,A
PH0667,Quầy thuốc,2010.0,TP.HCM,Nam,2022-06-06,Sales rep,C
PH0668,Quầy thuốc,2017.0,Quảng Ninh,Bắc,01-09-2020,Hotline,A
PH0669,Quầy thuốc,2002.0,Đà Nẵng,Trung,2024-02-20,Referral,B
PH0670,Phòng khám,1998.0,TP.HCM,Nam,11/05/2020,Sales rep,A
PH0671,Nhà thuốc,2015.0,Hà Nội,Bắc,2023-11-07,Hotline,A
PH0672,Quầy thuốc,2023.0,Bình Dương,Nam,2024-02-13,Web portal,A
PH0673,Nhà thuốc,2005.0,Bà Rịa - Vũng Tàu,Nam,2022-04-13,Hotline,A
PH0674,Phòng khám,2001.0,Thừa Thiên Huế,Trung,28/02/2020,Hotline,
PH0675,Quầy thuốc,2022.0,Đà Nẵng,Trung,2025-03-23,Referral,B
PH0676,,2013.0,Đà Nẵng,Trung,2024-07-27,Web portal,C
PH0677,Quầy thuốc,2002.0,,Nam,2022-06-08,Sales rep,A
PH0678,Nhà thuốc,2009.0,Tiền Giang,Nam,2022-04-20,Web portal,C
PH0679,Phòng khám,2001.0,Bình Dương,Nam,07-05-2024,Hotline,C
PH0680,Phòng khám,2016.0,Thanh Hóa,Trung,2022-03-03,Web portal,B
PH0681,Nhà thuốc,2013.0,Cần Thơ,Nam,2022-12-06,Referral,A
PH0682,Phòng khám,1995.0,Nam Định,Bắc,2024-12-16,Referral,B
PH0683,Nhà thuốc,2016.0,Đà Nẵng,Trung,2022-10-26,Sales rep,B
PH0684,Nhà thuốc,2003.0,Nam Định,Bắc,2025-03-25,Referral,C
PH0685,Nhà thuốc,2010.0,Nam Định,Bắc,2024-02-07,Sales rep,C
PH0686,Quầy thuốc,2003.0,Cần Thơ,Nam,2020-02-26,Web portal,C
PH0687,Nhà thuốc,,Nghệ An,Trung,2025-02-18,,A
PH0688,Quầy thuốc,2007.0,An Giang,Nam,2022-05-22,Referral,A
PH0689,Bệnh viện,1995.0,An Giang,Nam,2024-11-25,Referral,
PH0690,Quầy thuốc,2018.0,Bình Định,Trung,2024-01-14,Sales rep,A
PH0691,Quầy thuốc,1995.0,An Giang,Nam,2025-04-09,Referral,B
PH0692,Nhà thuốc,2015.0,Long An,Nam,29/06/2024,,
PH0693,Nhà thuốc,2015.0,Thừa Thiên Huế,Trung,2021-12-02,Sales rep,C
PH0694,Nhà thuốc,2019.0,Đồng Nai,Nam,2024-04-10,Web portal,C
PH0695,Phòng khám,2022.0,Thái Nguyên,Bắc,2022-12-01,Hotline,B
PH0696,Quầy thuốc,2000.0,Bắc Ninh,Bắc,2023-05-31,,A
PH0697,Nhà thuốc,2024.0,Nghệ An,Trung,2024-10-07,Web portal,A
PH0698,Nhà thuốc,2010.0,Thừa Thiên Huế,Trung,2021-09-29,,A
PH0699,Nhà thuốc,2020.0,TP.HCM,Nam,2020-01-07,Sales rep,
PH0700,Nhà thuốc,2018.0,Nghệ An,Trung,2024-08-27,Sales rep,B
PH0701,Nhà thuốc,2022.0,Hải Dương,Bắc,19/11/2023,Referral,B
PH0702,Nhà thuốc,,Thừa Thiên Huế,Trung,2025-05-22,Sales rep,B
PH0703,Quầy thuốc,1998.0,Long An,Nam,2025-05-23,Hotline,B
PH0704,Nhà thuốc,2006.0,Hà Nội,Bắc,27/05/2025,Referral,B
PH0705,Quầy thuốc,2014.0,Thái Nguyên,Bắc,2024-01-18,Hotline,B
PH0706,Nhà thuốc,2013.0,Thừa Thiên Huế,Trung,2020-06-05,Hotline,A
PH0707,Quầy thuốc,2001.0,Hải Phòng,Bắc,2022-03-24,,C
PH0708,Quầy thuốc,1997.0,Hải Phòng,Bắc,2023-12-29,Referral,A
PH0709,Nhà thuốc,2007.0,Nghệ An,Trung,2020-09-20,Web portal,C
PH0710,Phòng khám,2012.0,Nghệ An,Trung,01-30-2021,Referral,A
PH0711,Phòng khám,2020.0,Bình Định,Trung,2023-08-09,Hotline,B
PH0712,Nhà thuốc,2020.0,Quảng Ninh,Bắc,2024-08-17,Sales rep,A
PH0713,Quầy thuốc,2017.0,Long An,Nam,2021-02-12,Sales rep,B
PH0714,Phòng khám,1999.0,Hà Nội,Bắc,2021-06-30,Hotline,C
PH0715,Nhà thuốc,2005.0,Quảng Nam,Trung,03-14-2024,Web portal,A
PH0716,Bệnh viện,2001.0,Hải Dương,Bắc,2025-05-23,Hotline,
PH0717,Quầy thuốc,2015.0,,Nam,2023-07-03,Web portal,C
PH0718,Nhà thuốc,,Quảng Ninh,Bắc,2022-07-16,,C
PH0719,Quầy thuốc,2008.0,Khánh Hòa,Trung,2022-02-20,Sales rep,A
PH0720,Bệnh viện,2001.0,Bình Định,Trung,02/08/2023,Hotline,B
PH0721,Bệnh viện,1995.0,Bắc Ninh,Bắc,2021-05-23,Sales rep,C
PH0722,Quầy thuốc,2009.0,Quảng Ninh,Bắc,2021-12-12,Web portal,A
PH0723,Quầy thuốc,1998.0,Bà Rịa - Vũng Tàu,Nam,2023-11-29,Web portal,A
PH0724,Nhà thuốc,2003.0,An Giang,Nam,2025-05-02,Web portal,A
PH0725,Nhà thuốc,1800.0,Bình Định,Trung,2023-09-12,Web portal,
PH0726,Nhà thuốc,1996.0,Thừa Thiên Huế,Trung,23/01/2025,Hotline,A
PH0727,Nhà thuốc,2007.0,An Giang,Nam,2020-04-13,Sales rep,
PH0728,Khác,1999.0,Thái Nguyên,Bắc,2023-12-24,Hotline,A
PH0729,Quầy thuốc,2013.0,,Trung,2021-12-08,Web portal,B
PH0730,Phòng khám,1999.0,Quảng Ninh,Bắc,2025-02-26,Referral,B
PH0731,Quầy thuốc,2015.0,Quảng Nam,Trung,06/04/2021,Referral,B
PH0732,Nhà thuốc,1800.0,Nghệ An,Trung,2023-06-20,Sales rep,B
PH0733,Quầy thuốc,2010.0,Đắk Lắk,Trung,2020-09-30,Hotline,A
PH0734,Quầy thuốc,2022.0,Cần Thơ,Nam,2024-07-27,Web portal,C
PH0735,Quầy thuốc,2018.0,Thái Nguyên,Bắc,2022-05-27,Hotline,C
PH0736,Quầy thuốc,2003.0,Hải Phòng,Bắc,2024-02-11,Sales rep,B
PH0737,Quầy thuốc,2008.0,Quảng Nam,Trung,03-26-2020,Web portal,A
PH0738,Nhà thuốc,2013.0,,Nam,2024-09-29,Hotline,A
PH0739,Nhà thuốc,2006.0,Thái Nguyên,Bắc,2020-01-13,Web portal,B
PH0740,Quầy thuốc,2018.0,,Trung,07/10/2022,Web portal,B
PH0741,Phòng khám,2011.0,Long An,Nam,2022-06-24,Sales rep,C
PH0742,N/A,2005.0,Bà Rịa - Vũng Tàu,Nam,04-16-2020,Web portal,B
PH0743,Nhà thuốc,2013.0,Khánh Hòa,Trung,2020-11-01,Hotline,B
PH0744,Nhà thuốc,2012.0,Bà Rịa - Vũng Tàu,Nam,2024-09-03,Sales rep,C
PH0745,Bệnh viện,2014.0,Tiền Giang,Nam,2020-10-12,Web portal,C
PH0746,???,2003.0,Thanh Hóa,Trung,2023-10-07,,C
PH0747,Quầy thuốc,2005.0,Đắk Lắk,Trung,2021-07-06,Sales rep,B
PH0748,Nhà thuốc,2020.0,Hải Phòng,Bắc,2024-09-13,Hotline,B
PH0749,Nhà thuốc,2000.0,Bình Dương,Nam,10/12/2024,Sales rep,B
PH0750,Nhà thuốc,2018.0,Đắk Lắk,Trung,08/01/2022,Referral,C
PH0751,Nhà thuốc,2011.0,Thừa Thiên Huế,Trung,2023-08-15,,A
PH0752,Nhà thuốc,2006.0,Quảng Ninh,Bắc,11-27-2021,Sales rep,B
PH0753,Nhà thuốc,2022.0,Bắc Ninh,Bắc,2022-01-19,Hotline,B
PH0754,Nhà thuốc,,Hà Nội,Bắc,2020-09-25,Web portal,A
PH0755,Nhà thuốc,1900.0,Quảng Nam,Trung,2023-08-29,Referral,B
PH0756,Bệnh viện,2009.0,Thừa Thiên Huế,Trung,2023-07-10,,B
PH0757,Phòng khám,2019.0,Thái Nguyên,Bắc,02/11/2021,Web portal,C
PH0758,Phòng khám,1997.0,Thái Nguyên,Bắc,2020-01-08,Sales rep,B
PH0759,Quầy thuốc,2023.0,Hà Nội,Bắc,2024-03-05,Referral,B
PH0760,,2005.0,Quảng Nam,Trung,2024-10-21,Referral,C
PH0761,Phòng khám,2018.0,Quảng Nam,Trung,2022-12-29,Sales rep,C
PH0762,Nhà thuốc,2012.0,Thanh Hóa,Trung,2023-09-14,Sales rep,C
PH0763,Nhà thuốc,2003.0,Quảng Nam,Trung,2022-10-09,Web portal,C
PH0764,Nhà thuốc,2001.0,Hải Dương,Bắc,2025-03-31,Hotline,B
PH0765,Bệnh viện,2008.0,Nghệ An,Trung,2023-08-22,Hotline,A
PH0766,Phòng khám,2011.0,An Giang,Nam,2023-04-26,Hotline,
PH0767,Phòng khám,2023.0,Đồng Nai,Nam,06/02/2024,Hotline,B
PH0768,Nhà thuốc,2005.0,Bà Rịa - Vũng Tàu,Nam,09-24-2023,Referral,B
PH0769,Nhà thuốc,2003.0,Nam Định,Bắc,2022-11-06,Sales rep,B
PH0770,Nhà thuốc,2000.0,Đồng Nai,Nam,2020-01-26,Sales rep,A
PH0771,Quầy thuốc,1996.0,Bà Rịa - Vũng Tàu,Nam,2022-04-10,Hotline,C
PH0772,Nhà thuốc,2024.0,Đồng Nai,Nam,2025-05-09,,B
PH0773,Nhà thuốc,2007.0,Hà Nội,Bắc,2022-05-18,Web portal,B
PH0774,Phòng khám,2018.0,Quảng Ninh,Bắc,2023-08-15,Sales rep,B
PH0775,Nhà thuốc,2000.0,Cần Thơ,Nam,2024-06-07,Hotline,C
PH0776,Nhà thuốc,2007.0,Bình Dương,Nam,2022-10-15,Hotline,B
PH0777,Nhà thuốc,1900.0,Bình Định,Trung,2022-09-27,Referral,A
PH0778,Phòng khám,2020.0,Long An,Nam,2020-11-06,Referral,A
PH0779,Quầy thuốc,2024.0,Đắk Lắk,Trung,01-14-2024,Web portal,A
PH0780,Phòng khám,1995.0,Bắc Ninh,Bắc,10-18-2022,Sales rep,C
PH0781,Nhà thuốc,2002.0,Thanh Hóa,Trung,2025-05-07,Sales rep,A
PH0782,Nhà thuốc,2003.0,Thanh Hóa,Trung,2021-01-14,Web portal,A
PH0783,Nhà thuốc,2000.0,Quảng Nam,Trung,17/06/2021,Hotline,C
PH0784,Quầy thuốc,2011.0,Cần Thơ,Nam,16/01/2024,Sales rep,A
PH0785,Nhà thuốc,2020.0,Nam Định,Bắc,2021-04-23,Hotline,A
PH0786,Phòng khám,2010.0,Bình Dương,Nam,2023-02-20,Referral,C
PH0787,Quầy thuốc,1995.0,Thừa Thiên Huế,Trung,2022-09-02,Sales rep,C
PH0788,Nhà thuốc,2014.0,Hà Nội,Bắc,05-05-2020,Sales rep,B
PH0789,Phòng khám,2006.0,TP.HCM,Nam,2020-07-19,Referral,A
PH0790,Nhà thuốc,2009.0,Bình Dương,Nam,2024-10-22,Referral,C
PH0791,Quầy thuốc,2003.0,Bình Dương,Nam,2022-06-11,Referral,B
PH0792,N/A,2018.0,,Nam,07/05/2020,Referral,B
PH0793,Nhà thuốc,2011.0,Khánh Hòa,Trung,2021-09-19,Hotline,A
PH0794,Quầy thuốc,1998.0,Khánh Hòa,Trung,2025-01-12,Hotline,A
PH0795,Quầy thuốc,2022.0,TP.HCM,Nam,08-28-2022,Sales rep,C
PH0796,Bệnh viện,2019.0,Bắc Ninh,Bắc,2024-02-18,Web portal,B
PH0797,Quầy thuốc,,Thái Nguyên,Bắc,2021-12-23,Sales rep,A
PH0798,Khác,2021.0,Bình Định,Trung,2023-01-05,Referral,B
PH0799,Quầy thuốc,2012.0,Bắc Ninh,Bắc,2025-05-25,Sales rep,B
PH0800,Nhà thuốc,2021.0,Thừa Thiên Huế,Trung,2021-03-23,Web portal,C
