engagement_id,pharmacy_id,contact_date,channel,engagement_type,is_responded,is_ordered,offer_value
E00001,PH0357,12-28-2022,Zalo,Khuyến mãi,1,0,645000.0
E00002,PH0189,2025-08-04,Call,Nhắc đặt lại,0,0,0.0
E00003,PH0012,2025-12-12,Zalo,Nhắc đặt lại,1,1,0.0
E00004,PH0728,2025-04-20,Zalo,Thăm trình dược,1,1,0.0
E00005,PH0542,2024-05-03,Zalo,Nhắc đặt lại,1,1,0.0
E00006,PH0232,05-24-2023,Call,Nhắc đặt lại,0,0,0.0
E00007,PH0011,2025-04-04,Zalo,Khuyến mãi,0,0,0.0
E00008,PH0598,2025-08-13,Sales rep,Khuyến mãi,0,0,1622000.0
E00009,PH0577,07/12/2025,Sales rep,Hàng mới,1,0,837000.0
E00010,PH0586,2023-02-19,Pigeon,,1,1,0.0
E00011,PH0177,2024-11-14,Email,Nhắc đặt lại,0,0,0.0
E00012,PH0661,2025-04-26,Zalo,Thăm trình dược,1,1,990000.0
E00013,PH0189,2025-11-06,Call,Thăm trình dược,1,0,658000.0
E00014,PH0314,09/10/2024,Sales rep,Khuyến mãi,1,0,44000.0
E00015,PH0239,24/02/2025,Sales rep,Nhắc đặt lại,0,0,0.0
E00016,PH0610,2025-07-01,Zalo,Nhắc đặt lại,1,0,0.0
E00017,PH0040,2025-12-10,Zalo,Khuyến mãi,1,1,64000.0
E00018,PH0767,2024-06-14,Zalo,Thăm trình dược,1,1,0.0
E00019,PH0355,2024-10-17,Sales rep,Nhắc đặt lại,1,0,0.0
E00020,PH0644,2023-06-05,Sales rep,Thăm trình dược,1,0,1355000.0
E00021,PH0058,2023-05-13,Sales rep,Nhắc đặt lại,0,0,473000.0
E00022,PH0569,2025-10-03,Email,Thăm trình dược,0,0,1313000.0
E00023,PH0048,29/05/2025,Sales rep,Nhắc đặt lại,0,0,410000.0
E00024,PH0601,2025-12-10,Zalo,Nhắc đặt lại,1,1,0.0
E00025,PH0720,2024-09-22,Sales rep,Thăm trình dược,0,0,899000.0
E00026,PH0271,13/07/2025,Email,Nhắc đặt lại,1,0,0.0
E00027,PH0396,2025-06-14,Zalo,Khuyến mãi,1,0,1885000.0
E00028,PH0473,2021-02-14,Zalo,Thăm trình dược,1,1,1739000.0
E00029,PH0411,2024-12-27,Call,Hàng mới,1,0,0.0
E00030,PH0148,01-21-2024,Zalo,Hàng mới,1,1,1446000.0
E00031,PH0626,22/12/2024,,Hàng mới,0,0,1990000.0
E00032,PH0633,2021-05-23,Sales rep,Thăm trình dược,1,1,862000.0
E00033,PH0111,2023-12-02,Email,Hàng mới,1,0,0.0
E00034,PH0775,2024-10-26,Zalo,Thăm trình dược,0,0,32000.0
E00035,PH0798,2023-05-02,Call,Nhắc đặt lại,0,0,0.0
E00036,PH0616,2025-06-19,Call,Khuyến mãi,0,0,0.0
E00037,PH0782,2021-10-17,Email,Thăm trình dược,0,0,0.0
E00038,PH0666,2023-11-09,Call,Nhắc đặt lại,0,0,0.0
E00039,PH0482,2023-09-01,Pigeon,Hàng mới,1,0,80000.0
E00040,PH0259,2023-09-18,Zalo,Hàng mới,0,0,582000.0
E00041,PH0517,2025-07-24,Call,Khuyến mãi,0,0,0.0
E00042,PH0403,2024-06-18,Email,Nhắc đặt lại,1,0,1915000.0
E00043,PH0080,2024-01-10,Sales rep,Nhắc đặt lại,1,0,0.0
E00044,PH0123,08-23-2025,Email,Nhắc đặt lại,0,0,1827000.0
E00045,PH0633,20/07/2024,Call,Thăm trình dược,0,0,0.0
E00046,PH0731,2022-10-11,Call,Khuyến mãi,1,1,1215000.0
E00047,PH0779,2025-10-07,Pigeon,Khuyến mãi,Yes,0,1617000.0
E00048,PH0084,2025-04-23,Zalo,Hàng mới,1,0,0.0
E00049,PH0294,2024-12-10,Zalo,,0,0,684000.0
E00050,PH0533,2025-12-10,Email,Khuyến mãi,1,0,0.0
E00051,PH0638,2025-03-26,Call,Hàng mới,1,0,1910000.0
E00052,PH0236,03-01-2025,Email,Nhắc đặt lại,1,0,0.0
E00053,PH0501,2025-07-13,Sales rep,Nhắc đặt lại,0,0,0.0
E00054,PH0122,2025-04-12,Zalo,Thăm trình dược,0,0,1026000.0
E00055,PH0140,2024-02-11,Zalo,Khuyến mãi,0,0,0.0
E00056,PH0322,12/06/2024,Zalo,Hàng mới,1,1,1976000.0
E00057,PH0447,2025-01-15,Zalo,Khuyến mãi,1,0,0.0
E00058,PH0630,2021-08-28,Call,Hàng mới,1,0,1726000.0
E00059,PH0614,2022-08-28,Sales rep,Khuyến mãi,0,0,1758000.0
E00060,PH0671,2025-09-20,Email,Hàng mới,1,1,1083000.0
E00061,PH0631,2025-10-15,Zalo,Khuyến mãi,0,0,526000.0
E00062,PH0497,2025-12-08,,Khuyến mãi,1,1,0.0
E00063,PH0220,06/12/2021,,Khuyến mãi,1,1,0.0
E00064,PH0180,2025-06-18,Email,Thăm trình dược,1,1,1759000.0
E00065,PH0168,2025-03-27,Email,Nhắc đặt lại,TRUE,0,1851000.0
E00066,PH0305,2024-02-23,Zalo,Nhắc đặt lại,1,0,1517000.0
E00067,PH0054,31/01/2025,Email,Thăm trình dược,1,0,982000.0
E00068,PH0551,2025-03-15,Email,Thăm trình dược,1,0,1983000.0
E00069,PH0590,2025-03-04,Sales rep,Hàng mới,1,1,228000.0
E00070,PH0492,11-21-2025,Call,Khuyến mãi,1,1,521000.0
E00071,PH0370,2024-11-30,Call,Nhắc đặt lại,1,0,496000.0
E00072,PH0719,04-02-2023,Zalo,Hàng mới,TRUE,0,0.0
E00073,PH0129,2022-06-07,Call,Thăm trình dược,0,0,1429000.0
E00074,PH0542,2021-12-18,Sales rep,Hàng mới,1,0,1764000.0
E00075,PH0190,2025-07-22,Sales rep,Nhắc đặt lại,0,0,1973000.0
E00076,PH0316,2025-12-20,Sales rep,Nhắc đặt lại,1,0,605000.0
E00077,PH0689,2025-04-10,Zalo,Hàng mới,Yes,0,0.0
E00078,PH0119,2025-12-20,Sales rep,,0,0,0.0
E00079,PH0513,2024-01-28,Sales rep,Nhắc đặt lại,0,0,1387000.0
E00080,PH0419,2023-01-20,Zalo,Hàng mới,0,0,0.0
E00081,PH0236,09-01-2024,Sales rep,,1,0,0.0
E00082,PH0602,2025-09-26,Zalo,Khuyến mãi,1,1,1889000.0
E00083,PH0237,2025-12-26,Email,Nhắc đặt lại,1,1,277000.0
E00084,PH0669,01/07/2024,Zalo,Khuyến mãi,0,0,0.0
E00085,PH0624,2024-02-15,Call,Hàng mới,0,0,0.0
E00086,PH0736,2025-01-14,Pigeon,Nhắc đặt lại,1,0,0.0
E00087,PH0589,2023-06-19,Call,Thăm trình dược,1,0,56000.0
E00088,PH0522,2025-10-02,Sales rep,Khuyến mãi,0,0,1086000.0
E00089,PH0523,2025-01-03,Email,Hàng mới,1,0,
E00090,PH0390,2025-02-17,Sales rep,Khuyến mãi,0,0,271000.0
E00091,PH0696,03/07/2025,Zalo,Hàng mới,0,1,1850000.0
E00092,PH0459,03-31-2025,Sales rep,Hàng mới,1,1,
E00093,PH0138,10-19-2025,Sales rep,Nhắc đặt lại,0,0,0.0
E00094,PH0149,2022-05-06,Email,Nhắc đặt lại,1,1,0.0
E00095,PH0018,2025-07-09,Sales rep,Thăm trình dược,0,0,0.0
E00096,PH0307,12/12/2023,Zalo,Nhắc đặt lại,1,0,0.0
E00097,PH0208,10-11-2025,Zalo,,1,0,0.0
E00098,PH0023,2024-12-21,Sales rep,Thăm trình dược,1,0,0.0
E00099,PH0356,2022-09-23,Call,Nhắc đặt lại,1,0,
E00100,PH0241,2025-09-29,Call,Hàng mới,0,0,
E00101,PH0072,16/04/2024,Sales rep,Khuyến mãi,0,0,1094000.0
E00102,PH0654,2025-07-27,Call,Khuyến mãi,1,0,1834000.0
E00103,PH0420,2023-10-24,,Hàng mới,1,0,215000.0
E00104,PH0537,2025-01-02,Call,Hàng mới,1,0,305000.0
E00105,PH0259,2025-12-24,Sales rep,Thăm trình dược,0,0,1126000.0
E00106,PH0290,15/06/2025,Zalo,Thăm trình dược,1,0,778000.0
E00107,PH0292,2025-11-23,Email,Nhắc đặt lại,1,1,0.0
E00108,PH0674,2021-11-19,Zalo,Thăm trình dược,1,0,904000.0
E00109,PH0172,2024-05-06,Call,Nhắc đặt lại,1,1,1584000.0
E00110,PH0381,2024-06-07,,Nhắc đặt lại,0,0,
E00111,PH0220,2024-10-30,Email,Nhắc đặt lại,1,0,769000.0
E00112,PH0714,2024-11-10,Zalo,Nhắc đặt lại,0,1,339000.0
E00113,PH0061,2025-01-24,Zalo,Nhắc đặt lại,0,0,623000.0
E00114,PH0019,2024-10-27,Email,Khuyến mãi,0,0,0.0
E00115,PH0690,04/05/2025,Call,Hàng mới,0,0,1363000.0
E00116,PH0329,07-26-2025,Email,Thăm trình dược,0,0,1025000.0
E00117,PH0426,2025-08-19,Zalo,Nhắc đặt lại,1,0,897000.0
E00118,PH0070,2024-08-04,Sales rep,,1,1,0.0
E00119,PH0711,2025-05-26,Zalo,Thăm trình dược,1,1,448000.0
E00120,PH0246,05-29-2024,,Thăm trình dược,0,0,0.0
E00121,PH0210,2023-04-11,Call,Thăm trình dược,0,0,0.0
E00122,PH0189,2025-11-30,Email,Hàng mới,0,1,71000.0
E00123,PH0007,2024-07-10,Sales rep,Hàng mới,0,0,1840000.0
E00124,PH0297,2023-08-05,,Thăm trình dược,1,1,0.0
E00125,PH0031,2024-07-10,Zalo,Hàng mới,0,0,0.0
E00126,PH0662,2025-03-05,Email,Thăm trình dược,1,0,710000.0
E00127,PH0097,2021-10-18,Email,Khuyến mãi,0,0,0.0
E00128,PH0767,2025-10-04,Sales rep,Nhắc đặt lại,0,0,284000.0
E00129,PH0363,05/05/2025,Call,Hàng mới,0,0,1873000.0
E00130,PH0449,2024-05-02,Zalo,Khuyến mãi,1,1,739000.0
E00131,PH0392,2024-11-22,Sales rep,Khuyến mãi,1,0,0.0
E00132,PH0160,2023-09-20,Sales rep,Thăm trình dược,0,0,1986000.0
E00133,PH0735,2022-11-27,Email,Khuyến mãi,0,0,632000.0
E00134,PH0293,2024-12-08,Email,Nhắc đặt lại,1,1,1339000.0
E00135,PH0218,2025-10-07,Sales rep,Khuyến mãi,0,0,1749000.0
E00136,PH0134,2024-02-25,Call,Khuyến mãi,0,0,0.0
E00137,PH0162,02-08-2025,Zalo,Khuyến mãi,0,0,799000.0
E00138,PH0309,2025-08-24,Call,Khuyến mãi,1,0,0.0
E00139,PH0037,2022-01-20,Sales rep,,0,0,600000.0
E00140,PH0409,2025-07-25,Zalo,Nhắc đặt lại,0,0,
E00141,PH0436,2025-07-03,Call,Khuyến mãi,1,0,182000.0
E00142,PH0167,2025-06-12,Call,Hàng mới,0,0,0.0
E00143,PH0559,2025-12-30,Zalo,Khuyến mãi,0,0,1683000.0
E00144,PH0636,06/12/2024,Email,Hàng mới,0,0,1737000.0
E00145,PH0741,02/12/2024,Zalo,Hàng mới,1,1,0.0
E00146,PH0133,2024-06-03,Zalo,Thăm trình dược,0,0,1151000.0
E00147,PH0451,2025-11-19,Sales rep,Hàng mới,1,0,0.0
E00148,PH0340,2023-03-25,Call,Hàng mới,0,0,0.0
E00149,PH0379,2025-06-12,Call,Hàng mới,0,0,
E00150,PH0350,2024-06-06,Call,Hàng mới,1,0,0.0
E00151,PH0046,2025-01-19,Call,Hàng mới,0,0,0.0
E00152,PH0511,11-14-2025,Pigeon,Nhắc đặt lại,1,0,1879000.0
E00153,PH0243,2024-09-13,Call,Khuyến mãi,0,0,1185000.0
E00154,PH0778,2022-02-11,Zalo,Khuyến mãi,1,1,831000.0
E00155,PH0539,21/11/2024,Pigeon,Nhắc đặt lại,0,0,0.0
E00156,PH0426,2024-08-01,Call,Hàng mới,1,1,1574000.0
E00157,PH0339,2021-10-06,Sales rep,Hàng mới,0,1,1384000.0
E00158,PH0037,2023-01-21,Call,Hàng mới,0,0,0.0
E00159,PH0625,2024-12-25,Call,Hàng mới,0,0,41000.0
E00160,PH0141,2025-08-09,Email,Hàng mới,0,0,0.0
E00161,PH0479,2024-07-01,Email,Nhắc đặt lại,1,0,0.0
E00162,PH0160,2025-06-07,Sales rep,Thăm trình dược,0,0,1410000.0
E00163,PH0111,05-05-2024,Email,Thăm trình dược,0,0,537000.0
E00164,PH0302,2022-09-25,Email,Nhắc đặt lại,1,1,0.0
E00165,PH0253,2025-08-20,Email,Khuyến mãi,1,0,
E00166,PH0474,01-22-2024,Sales rep,Thăm trình dược,1,0,0.0
E00167,PH0132,2023-08-18,Call,Nhắc đặt lại,0,0,0.0
E00168,PH0209,26/12/2025,Email,Hàng mới,0,0,
E00169,PH0490,2023-03-17,Zalo,Khuyến mãi,1,0,516000.0
E00170,PH0234,2025-10-06,Sales rep,Hàng mới,TRUE,1,0.0
E00171,PH0508,2025-09-08,Email,Thăm trình dược,1,1,254000.0
E00172,PH0358,2024-10-06,Email,Khuyến mãi,0,0,835000.0
E00173,PH0463,2024-11-21,Call,Thăm trình dược,1,0,0.0
E00174,PH0136,2025-02-01,Zalo,Nhắc đặt lại,1,0,1602000.0
E00175,PH0548,2022-08-29,Sales rep,Khuyến mãi,0,0,
E00176,PH0716,2025-11-04,Pigeon,Thăm trình dược,0,0,0.0
E00177,PH0516,2025-02-15,Sales rep,Khuyến mãi,0,0,0.0
E00178,PH0349,2024-01-04,Sales rep,Hàng mới,0,0,1826000.0
E00179,PH0700,18/02/2025,Zalo,Khuyến mãi,0,0,1019000.0
E00180,PH0259,2024-05-31,Call,Khuyến mãi,1,1,1019000.0
E00181,PH0324,06-09-2023,Zalo,Thăm trình dược,0,0,0.0
E00182,PH0577,2025-10-04,Email,Nhắc đặt lại,0,0,1173000.0
E00183,PH0312,2025-05-14,Sales rep,Nhắc đặt lại,1,0,529000.0
E00184,PH0563,2023-10-02,Call,Thăm trình dược,1,0,1686000.0
E00185,PH0517,2025-07-04,Email,Hàng mới,0,0,1643000.0
E00186,PH0557,2024-09-18,Call,Khuyến mãi,1,1,0.0
E00187,PH0368,2022-09-19,Email,Thăm trình dược,1,1,918000.0
E00188,PH0597,2022-04-05,Zalo,Nhắc đặt lại,1,0,1830000.0
E00189,PH0726,2025-05-31,Sales rep,Thăm trình dược,1,0,0.0
E00190,PH0164,2023-03-11,Call,Thăm trình dược,1,0,720000.0
E00191,PH0515,29/07/2025,Zalo,Thăm trình dược,1,0,1798000.0
E00192,PH0216,2025-03-25,Sales rep,Thăm trình dược,1,0,1136000.0
E00193,PH0029,2023-08-11,Call,Hàng mới,1,0,568000.0
E00194,PH0627,2025-12-05,Email,Hàng mới,Yes,0,330000.0
E00195,PH0545,2023-09-17,Call,Thăm trình dược,1,0,0.0
E00196,PH0304,28/04/2025,Zalo,Thăm trình dược,1,0,1254000.0
E00197,PH0722,10/05/2022,Email,Khuyến mãi,Yes,0,0.0
E00198,PH0164,28/01/2024,Sales rep,Thăm trình dược,1,0,1929000.0
E00199,PH0012,2025-11-04,Email,Thăm trình dược,1,1,2000000.0
E00200,PH0096,2025-01-05,,Khuyến mãi,1,0,1612000.0
E00201,PH0642,12/10/2024,Email,Nhắc đặt lại,0,0,0.0
E00202,PH0587,2024-08-14,Call,Hàng mới,1,1,108000.0
E00203,PH0381,25/08/2023,,Thăm trình dược,1,1,0.0
E00204,PH0753,04-09-2025,Zalo,Hàng mới,1,0,1966000.0
E00205,PH0767,2024-08-03,Zalo,Thăm trình dược,1,1,864000.0
E00206,PH0788,07/08/2025,Zalo,Khuyến mãi,1,0,0.0
E00207,PH0557,2024-12-25,Call,Thăm trình dược,0,0,339000.0
E00208,PH0089,16/11/2025,Sales rep,Thăm trình dược,1,0,0.0
E00209,PH0344,2024-08-18,Sales rep,Khuyến mãi,1,1,38000.0
E00210,PH0442,01-16-2023,Sales rep,Hàng mới,1,0,117000.0
E00211,PH0331,22/02/2023,Email,Nhắc đặt lại,0,0,1513000.0
E00212,PH0198,13/05/2024,Call,Hàng mới,1,1,309000.0
E00213,PH0065,2025-08-20,Email,Khuyến mãi,0,0,1723000.0
E00214,PH0662,05/07/2025,Sales rep,Khuyến mãi,1,0,1061000.0
E00215,PH0171,2020-07-06,,Hàng mới,0,0,1908000.0
E00216,PH0428,2025-12-01,Email,Hàng mới,0,0,0.0
E00217,PH0302,2024-08-05,Zalo,Thăm trình dược,1,0,760000.0
E00218,PH0643,2025-10-07,Call,Thăm trình dược,1,0,0.0
E00219,PH0269,2024-01-07,Call,Hàng mới,1,1,484000.0
E00220,PH0165,2024-12-13,Call,Khuyến mãi,Yes,0,578000.0
E00221,PH0494,2024-03-02,Email,Nhắc đặt lại,0,0,268000.0
E00222,PH0231,07-23-2024,Sales rep,Nhắc đặt lại,1,1,0.0
E00223,PH0607,2023-08-28,Call,Nhắc đặt lại,1,0,
E00224,PH0687,2025-04-15,Email,Nhắc đặt lại,0,1,1469000.0
E00225,PH0203,12-04-2024,Email,Khuyến mãi,1,0,1737000.0
E00226,PH0322,2022-03-08,Sales rep,Hàng mới,0,0,0.0
E00227,PH0068,2024-06-28,Pigeon,Thăm trình dược,0,0,0.0
E00228,PH0014,2024-02-11,Call,Nhắc đặt lại,1,0,0.0
E00229,PH0056,2025-08-04,Call,Hàng mới,1,1,779000.0
E00230,PH0199,2025-04-10,Zalo,Hàng mới,0,0,0.0
E00231,PH0081,2025-04-13,Sales rep,Khuyến mãi,1,0,0.0
E00232,PH0168,2025-05-09,Sales rep,Nhắc đặt lại,1,1,1733000.0
E00233,PH0462,2023-04-07,Call,Nhắc đặt lại,1,0,407000.0
E00234,PH0599,15/12/2025,Zalo,Hàng mới,1,0,581000.0
E00235,PH0616,2025-12-03,Call,Hàng mới,0,0,1528000.0
E00236,PH0754,2021-01-13,Call,Nhắc đặt lại,0,0,1178000.0
E00237,PH0624,2024-03-09,Sales rep,Hàng mới,0,0,0.0
E00238,PH0223,2023-09-24,Call,Nhắc đặt lại,0,0,0.0
E00239,PH0505,2025-10-10,Call,Nhắc đặt lại,0,0,1968000.0
E00240,PH0476,2025-10-05,Zalo,Khuyến mãi,1,0,0.0
E00241,PH0169,2024-06-28,Call,Hàng mới,1,0,1437000.0
E00242,PH0175,2024-07-12,Sales rep,Thăm trình dược,1,0,0.0
E00243,PH0446,2024-05-13,Sales rep,Nhắc đặt lại,0,1,56000.0
E00244,PH0662,2025-07-01,Sales rep,Nhắc đặt lại,0,0,0.0
E00245,PH0609,2022-06-18,Call,Thăm trình dược,0,0,0.0
E00246,PH0699,2025-01-16,Zalo,Khuyến mãi,1,0,0.0
E00247,PH0764,2025-12-23,Email,Khuyến mãi,1,0,405000.0
E00248,PH0623,2025-06-07,Sales rep,Hàng mới,0,0,1550000.0
E00249,PH0494,2023-12-05,Sales rep,Thăm trình dược,0,0,1300000.0
E00250,PH0066,2024-09-22,Sales rep,Khuyến mãi,1,1,1142000.0
E00251,PH0552,2023-03-23,Sales rep,Hàng mới,1,0,305000.0
E00252,PH0553,07/02/2022,Call,,1,0,0.0
E00253,PH0403,2024-03-13,Sales rep,,0,0,0.0
E00254,PH0360,28/08/2023,Email,,0,0,0.0
E00255,PH0800,13/10/2022,Zalo,Hàng mới,1,0,
E00256,PH0626,2024-05-23,Call,Nhắc đặt lại,1,1,959000.0
E00257,PH0218,2024-11-26,,Thăm trình dược,0,0,1490000.0
E00258,PH0035,2024-12-21,Sales rep,Thăm trình dược,0,0,
E00259,PH0754,13/09/2021,Zalo,Khuyến mãi,1,0,0.0
E00260,PH0438,2025-08-19,,Nhắc đặt lại,1,0,842000.0
E00261,PH0028,2024-08-13,Email,Khuyến mãi,1,0,386000.0
E00262,PH0745,2021-11-01,Email,Hàng mới,1,1,936000.0
E00263,PH0684,2025-08-31,Zalo,Nhắc đặt lại,Yes,1,711000.0
E00264,PH0212,2025-02-23,Zalo,Nhắc đặt lại,0,0,416000.0
E00265,PH0220,07/09/2024,Zalo,,0,0,877000.0
E00266,PH0717,2024-02-17,Call,Hàng mới,0,0,993000.0
E00267,PH0692,2024-12-09,Pigeon,,1,0,
E00268,PH0301,2024-12-24,Call,Thăm trình dược,0,0,
E00269,PH0761,2023-01-18,Call,Nhắc đặt lại,1,0,804000.0
E00270,PH0768,2023-11-06,Email,,1,0,0.0
E00271,PH0669,2024-06-02,Email,Khuyến mãi,1,1,0.0
E00272,PH0550,2025-05-21,Call,Thăm trình dược,0,0,1128000.0
E00273,PH0744,11-17-2025,Sales rep,Thăm trình dược,1,0,980000.0
E00274,PH0522,2025-08-15,Call,Thăm trình dược,0,0,0.0
E00275,PH0605,30/06/2024,Sales rep,Khuyến mãi,1,0,0.0
E00276,PH0378,2021-11-25,Call,Khuyến mãi,1,0,1872000.0
E00277,PH0741,2025-05-04,Zalo,Hàng mới,1,1,0.0
E00278,PH0004,02/07/2023,,Hàng mới,0,0,0.0
E00279,PH0545,2023-12-17,Sales rep,Thăm trình dược,1,1,0.0
E00280,PH0205,2024-11-15,Sales rep,Nhắc đặt lại,0,0,968000.0
E00281,PH0741,2022-09-21,Email,Hàng mới,0,0,1266000.0
E00282,PH0473,2022-06-15,Sales rep,Hàng mới,Yes,0,1645000.0
E00283,PH0058,2024-08-05,Email,Nhắc đặt lại,0,0,0.0
E00284,PH0107,2025-09-06,,Thăm trình dược,0,0,1751000.0
E00285,PH0132,2024-07-26,Zalo,Hàng mới,0,1,799000.0
E00286,PH0685,2025-01-27,Call,Hàng mới,0,0,0.0
E00287,PH0081,2025-09-03,Sales rep,Khuyến mãi,0,0,56000.0
E00288,PH0050,2024-04-03,Call,Khuyến mãi,1,0,
E00289,PH0014,2023-11-28,Zalo,Thăm trình dược,1,0,1988000.0
E00290,PH0184,2025-09-07,Zalo,Nhắc đặt lại,0,0,25000.0
E00291,PH0684,2025-10-01,,Hàng mới,1,0,0.0
E00292,PH0225,2024-02-20,Sales rep,Hàng mới,0,0,1790000.0
E00293,PH0363,2025-05-19,Call,Hàng mới,1,0,0.0
E00294,PH0325,2025-03-04,,Thăm trình dược,0,0,1083000.0
E00295,PH0633,03/07/2021,Email,Nhắc đặt lại,0,0,0.0
E00296,PH0468,2024-07-24,Zalo,Hàng mới,0,0,1775000.0
E00297,PH0693,2025-07-31,Sales rep,Hàng mới,1,1,0.0
E00298,PH0627,2025-12-16,Call,Thăm trình dược,0,0,0.0
E00299,PH0290,2025-10-16,Email,Khuyến mãi,0,0,880000.0
E00300,PH0023,2025-08-14,Zalo,Nhắc đặt lại,1,0,1831000.0
E00301,PH0188,16/05/2025,Pigeon,,0,0,0.0
E00302,PH0740,2024-02-19,Call,Hàng mới,0,0,
E00303,PH0769,23/11/2024,Zalo,Thăm trình dược,0,0,0.0
E00304,PH0054,2024-08-31,Call,Thăm trình dược,0,0,0.0
E00305,PH0408,2025-12-21,,Hàng mới,0,0,1013000.0
E00306,PH0395,2021-09-21,Call,Khuyến mãi,0,0,873000.0
E00307,PH0011,2024-08-31,Sales rep,Khuyến mãi,1,0,294000.0
E00308,PH0771,17/06/2023,Email,Hàng mới,1,1,719000.0
E00309,PH0714,2022-06-23,Zalo,Khuyến mãi,0,0,151000.0
E00310,PH0624,2025-12-29,Zalo,Thăm trình dược,0,0,0.0
E00311,PH0654,2025-07-17,Sales rep,,1,0,
E00312,PH0243,2025-09-08,Email,Hàng mới,1,0,0.0
E00313,PH0400,2025-12-18,,Thăm trình dược,TRUE,0,0.0
E00314,PH0531,2025-11-23,Call,Nhắc đặt lại,1,1,0.0
E00315,PH0475,2025-12-17,Sales rep,Hàng mới,1,1,144000.0
E00316,PH0112,2022-12-05,Pigeon,Khuyến mãi,Yes,0,246000.0
E00317,PH0530,2024-09-12,Call,Hàng mới,0,0,0.0
E00318,PH0735,05/06/2023,,Hàng mới,1,0,0.0
E00319,PH0224,2025-12-13,Zalo,Thăm trình dược,0,0,1146000.0
E00320,PH0008,2022-02-09,Email,Nhắc đặt lại,0,0,390000.0
E00321,PH0218,27/01/2025,Call,,0,0,805000.0
E00322,PH0236,26/03/2025,Call,Khuyến mãi,0,0,0.0
E00323,PH0557,2021-08-20,Email,Nhắc đặt lại,0,0,0.0
E00324,PH0691,2025-07-01,Sales rep,Hàng mới,1,1,0.0
E00325,PH0092,2024-04-02,Zalo,Thăm trình dược,1,0,0.0
E00326,PH0549,2024-02-24,Sales rep,Thăm trình dược,1,0,0.0
E00327,PH0352,2024-01-30,Sales rep,Hàng mới,1,1,
E00328,PH0683,2025-06-10,Sales rep,Nhắc đặt lại,0,0,682000.0
E00329,PH0294,2021-04-24,Pigeon,Nhắc đặt lại,0,0,0.0
E00330,PH0172,2023-03-02,Zalo,Hàng mới,1,0,0.0
E00331,PH0223,2020-12-21,Call,Hàng mới,0,0,0.0
E00332,PH0627,2024-10-05,Email,Nhắc đặt lại,1,0,1511000.0
E00333,PH0770,2022-06-15,Sales rep,Khuyến mãi,1,0,0.0
E00334,PH0517,2025-06-16,Call,,0,0,727000.0
E00335,PH0673,2023-10-19,Sales rep,Nhắc đặt lại,0,0,504000.0
E00336,PH0141,2024-01-10,Email,Khuyến mãi,0,0,591000.0
E00337,PH0670,2020-08-30,,Thăm trình dược,1,1,0.0
E00338,PH0015,2025-02-08,Pigeon,Nhắc đặt lại,1,0,1939000.0
E00339,PH0683,2024-08-19,Zalo,Nhắc đặt lại,1,1,1554000.0
E00340,PH0637,2025-12-15,Email,Khuyến mãi,0,0,0.0
E00341,PH0428,2024-04-18,Email,Hàng mới,1,1,0.0
E00342,PH0012,2024-11-29,Email,Thăm trình dược,1,0,
E00343,PH0266,2023-02-02,Sales rep,Thăm trình dược,0,0,114000.0
E00344,PH0157,2022-07-22,Zalo,Nhắc đặt lại,1,1,0.0
E00345,PH0602,2025-07-26,Email,Hàng mới,0,0,1570000.0
E00346,PH0639,2023-12-04,Sales rep,Nhắc đặt lại,1,0,78000.0
E00347,PH0688,23/06/2023,Sales rep,Thăm trình dược,1,0,0.0
E00348,PH0752,2023-12-24,Email,Nhắc đặt lại,0,0,1173000.0
E00349,PH0444,2024-12-04,Email,Thăm trình dược,1,0,1575000.0
E00350,PH0349,2025-01-23,Sales rep,Hàng mới,0,0,0.0
E00351,PH0764,2025-09-22,Call,Thăm trình dược,0,0,1073000.0
E00352,PH0110,2024-07-09,Email,Khuyến mãi,0,1,541000.0
E00353,PH0017,2022-11-08,Zalo,Nhắc đặt lại,0,1,0.0
E00354,PH0679,06/09/2024,Call,Thăm trình dược,0,0,591000.0
E00355,PH0742,2024-12-17,Email,Hàng mới,1,0,1169000.0
E00356,PH0077,2024-12-04,Call,Thăm trình dược,1,0,1250000.0
E00357,PH0396,16/02/2020,Email,Hàng mới,1,0,0.0
E00358,PH0664,2025-09-19,Call,Thăm trình dược,1,0,1474000.0
E00359,PH0093,2024-04-12,Call,Nhắc đặt lại,0,0,0.0
E00360,PH0582,2025-04-27,Email,Nhắc đặt lại,0,0,0.0
E00361,PH0749,06-30-2025,,Khuyến mãi,0,0,135000.0
E00362,PH0415,2025-08-02,Call,Khuyến mãi,1,0,1346000.0
E00363,PH0536,2025-12-07,Email,Nhắc đặt lại,0,0,1056000.0
E00364,PH0723,2024-10-24,Zalo,Thăm trình dược,1,0,1172000.0
E00365,PH0349,2025-04-01,Zalo,Nhắc đặt lại,1,1,0.0
E00366,PH0004,2025-08-06,Call,,0,0,1134000.0
E00367,PH0479,2024-12-28,Zalo,Hàng mới,0,0,0.0
E00368,PH0622,2025-02-25,Sales rep,Hàng mới,1,0,0.0
E00369,PH0634,2024-04-18,Zalo,Hàng mới,1,0,0.0
E00370,PH0051,2025-10-24,Sales rep,Thăm trình dược,0,0,0.0
E00371,PH0439,12-13-2023,Email,Thăm trình dược,1,0,0.0
E00372,PH0140,2022-04-09,Call,Hàng mới,0,1,1243000.0
E00373,PH0553,2024-03-24,Zalo,Nhắc đặt lại,1,0,1429000.0
E00374,PH0422,2025-06-27,Sales rep,Thăm trình dược,1,0,1864000.0
E00375,PH0177,2024-06-25,Email,Hàng mới,0,0,0.0
E00376,PH0109,04-17-2021,Call,Thăm trình dược,0,0,1782000.0
E00377,PH0721,2021-11-06,Call,Khuyến mãi,1,1,936000.0
E00378,PH0304,2025-06-09,Sales rep,Hàng mới,0,0,603000.0
E00379,PH0087,2023-02-03,Zalo,Nhắc đặt lại,0,0,0.0
E00380,PH0190,2023-11-17,Zalo,Thăm trình dược,0,0,1840000.0
E00381,PH0338,2023-07-17,Zalo,Thăm trình dược,0,0,0.0
E00382,PH0368,2024-09-18,,Nhắc đặt lại,1,1,1585000.0
E00383,PH0038,2025-06-08,Zalo,Hàng mới,0,0,0.0
E00384,PH0455,2025-09-12,Sales rep,Thăm trình dược,1,0,193000.0
E00385,PH0632,2024-12-03,Zalo,Khuyến mãi,0,1,1768000.0
E00386,PH0669,2025-07-21,Call,Nhắc đặt lại,0,0,0.0
E00387,PH0203,2023-03-24,Email,Thăm trình dược,0,0,458000.0
E00388,PH0693,04-11-2022,Sales rep,Hàng mới,Yes,0,1653000.0
E00389,PH0084,2024-09-17,Zalo,Hàng mới,0,0,1990000.0
E00390,PH0116,2022-01-26,Email,Thăm trình dược,0,0,1714000.0
E00391,PH0796,2024-09-08,Email,Thăm trình dược,0,0,0.0
E00392,PH0002,2023-09-28,Email,Khuyến mãi,0,0,0.0
E00393,PH0665,2021-08-05,Email,Thăm trình dược,0,0,697000.0
E00394,PH0209,2022-07-29,Call,Thăm trình dược,0,0,846000.0
E00395,PH0300,2024-06-19,Email,Hàng mới,0,0,0.0
E00396,PH0161,01-26-2025,Email,Hàng mới,1,0,527000.0
E00397,PH0081,2025-11-13,Email,Thăm trình dược,1,1,0.0
E00398,PH0765,2024-10-14,Zalo,Hàng mới,1,1,1555000.0
E00399,PH0797,05/07/2022,Email,Thăm trình dược,0,0,
E00400,PH0716,2025-11-15,Call,Hàng mới,1,0,47000.0
E00401,PH0713,2022-07-21,Pigeon,Hàng mới,1,0,0.0
E00402,PH0446,2023-10-12,Call,Nhắc đặt lại,0,0,1576000.0
E00403,PH0109,2021-07-26,Sales rep,Thăm trình dược,1,0,0.0
E00404,PH0616,2025-09-13,,Thăm trình dược,0,0,0.0
E00405,PH0720,2024-10-23,Sales rep,,0,0,1253000.0
E00406,PH0248,2023-05-10,Sales rep,Hàng mới,0,0,1043000.0
E00407,PH0177,11-14-2022,Sales rep,Nhắc đặt lại,1,0,120000.0
E00408,PH0446,2024-06-27,Zalo,,TRUE,0,0.0
E00409,PH0745,2025-03-24,Sales rep,Hàng mới,1,1,1038000.0
E00410,PH0349,2024-02-17,Zalo,Hàng mới,0,0,1944000.0
E00411,PH0390,2022-10-03,Email,Nhắc đặt lại,0,0,1166000.0
E00412,PH0402,18/02/2024,Sales rep,Hàng mới,1,1,0.0
E00413,PH0315,2025-03-10,Zalo,Hàng mới,1,0,0.0
E00414,PH0769,2025-03-13,Email,Nhắc đặt lại,1,0,0.0
E00415,PH0075,2023-11-19,Email,Thăm trình dược,Yes,0,1380000.0
E00416,PH0584,2024-05-05,Sales rep,,0,0,459000.0
E00417,PH0109,13/10/2024,Zalo,Nhắc đặt lại,1,0,1225000.0
E00418,PH0491,2022-06-25,Call,Khuyến mãi,0,0,1259000.0
E00419,PH0206,2025-05-25,Zalo,Hàng mới,1,0,220000.0
E00420,PH0769,2023-06-05,Sales rep,Nhắc đặt lại,1,1,245000.0
E00421,PH0132,2025-04-11,Zalo,Hàng mới,0,0,0.0
E00422,PH0209,2025-01-23,Zalo,Thăm trình dược,0,0,0.0
E00423,PH0199,29/06/2024,Sales rep,Thăm trình dược,0,0,858000.0
E00424,PH0762,2024-09-27,Sales rep,,1,1,1679000.0
E00425,PH0407,2022-02-04,Sales rep,Nhắc đặt lại,1,1,603000.0
E00426,PH0724,11/08/2025,Email,Khuyến mãi,0,0,694000.0
E00427,PH0099,2023-11-07,Sales rep,Thăm trình dược,0,0,0.0
E00428,PH0636,22/05/2025,Email,Thăm trình dược,0,0,1957000.0
E00429,PH0331,20/01/2025,Sales rep,Nhắc đặt lại,Yes,0,0.0
E00430,PH0298,2025-11-10,Sales rep,Khuyến mãi,0,0,1634000.0
E00431,PH0555,2025-07-03,Email,Hàng mới,1,1,1785000.0
E00432,PH0170,2024-07-22,Email,,1,0,869000.0
E00433,PH0004,14/07/2022,,Khuyến mãi,1,1,0.0
E00434,PH0357,2025-08-02,Call,Khuyến mãi,0,1,1683000.0
E00435,PH0592,10-30-2025,Sales rep,Thăm trình dược,1,0,0.0
E00436,PH0736,2024-12-22,Email,Hàng mới,1,0,1287000.0
E00437,PH0326,2024-11-10,Zalo,Hàng mới,0,0,1862000.0
E00438,PH0549,2024-11-07,Zalo,Nhắc đặt lại,0,1,0.0
E00439,PH0742,2020-08-25,Call,Thăm trình dược,0,0,0.0
E00440,PH0480,2025-06-11,Email,Hàng mới,TRUE,0,1139000.0
E00441,PH0770,2022-10-14,Pigeon,Nhắc đặt lại,1,1,0.0
E00442,PH0016,04/12/2025,Call,Hàng mới,0,0,
E00443,PH0713,2024-03-07,Sales rep,Hàng mới,1,1,1101000.0
E00444,PH0760,2025-10-05,Pigeon,Hàng mới,1,1,123000.0
E00445,PH0413,2024-08-07,Call,Thăm trình dược,1,0,0.0
E00446,PH0125,12-03-2023,Email,Thăm trình dược,0,0,0.0
E00447,PH0631,2025-02-25,Zalo,Hàng mới,0,0,1048000.0
E00448,PH0611,18/10/2025,Sales rep,Hàng mới,0,0,433000.0
E00449,PH0057,2024-11-10,Sales rep,Thăm trình dược,0,0,0.0
E00450,PH0588,09/10/2023,,Khuyến mãi,1,0,1833000.0
E00451,PH0347,09-28-2021,Call,Hàng mới,1,0,1002000.0
E00452,PH0563,2021-10-25,Sales rep,Khuyến mãi,1,1,0.0
E00453,PH0169,2024-12-18,Email,Thăm trình dược,1,0,305000.0
E00454,PH0227,19/05/2024,Call,Khuyến mãi,1,0,243000.0
E00455,PH0012,2024-10-02,Email,Thăm trình dược,0,0,0.0
E00456,PH0649,2025-11-18,Call,Khuyến mãi,0,0,0.0
E00457,PH0502,2025-02-26,Email,Khuyến mãi,0,0,1162000.0
E00458,PH0064,05-24-2020,Zalo,Hàng mới,1,1,0.0
E00459,PH0166,2025-10-29,Email,Nhắc đặt lại,0,0,98000.0
E00460,PH0465,2024-01-18,Zalo,Thăm trình dược,1,0,0.0
E00461,PH0182,2025-09-27,Zalo,Thăm trình dược,1,1,1549000.0
E00462,PH0028,2023-11-12,Zalo,Nhắc đặt lại,1,0,0.0
E00463,PH0326,2025-11-16,Sales rep,Thăm trình dược,0,0,0.0
E00464,PH0013,2024-07-11,Zalo,Khuyến mãi,0,0,0.0
E00465,PH0630,2025-08-22,Zalo,Khuyến mãi,1,0,0.0
E00466,PH0209,17/10/2025,Email,Thăm trình dược,Yes,0,0.0
E00467,PH0488,2024-07-15,Call,Thăm trình dược,1,1,589000.0
E00468,PH0569,2025-10-27,Call,Khuyến mãi,0,0,69000.0
E00469,PH0029,2023-11-22,Call,Khuyến mãi,1,0,0.0
E00470,PH0271,2025-08-06,Zalo,Khuyến mãi,0,0,0.0
E00471,PH0505,06-22-2022,Call,Hàng mới,0,0,1266000.0
E00472,PH0166,2023-02-19,Call,Khuyến mãi,0,0,0.0
E00473,PH0183,2025-08-28,Zalo,Khuyến mãi,0,0,0.0
E00474,PH0095,2023-12-13,Email,Hàng mới,TRUE,0,666000.0
E00475,PH0560,2022-03-24,Call,,1,0,431000.0
E00476,PH0358,2025-07-17,Email,Nhắc đặt lại,1,0,0.0
E00477,PH0279,2025-11-14,Sales rep,Thăm trình dược,Yes,0,1048000.0
E00478,PH0236,2025-03-17,Call,,1,0,1453000.0
E00479,PH0278,2025-07-28,Email,Khuyến mãi,0,0,1727000.0
E00480,PH0664,2025-04-10,Call,Hàng mới,1,0,1352000.0
E00481,PH0461,2021-12-15,Zalo,Nhắc đặt lại,0,0,1509000.0
E00482,PH0144,01-05-2024,Call,Thăm trình dược,1,0,0.0
E00483,PH0773,2022-07-05,Sales rep,Thăm trình dược,0,0,1207000.0
E00484,PH0315,2024-07-08,Call,Thăm trình dược,1,0,0.0
E00485,PH0509,2022-09-22,Email,Khuyến mãi,1,0,0.0
E00486,PH0231,2025-04-20,Email,Hàng mới,1,1,159000.0
E00487,PH0340,2022-11-02,Email,Hàng mới,1,0,1445000.0
E00488,PH0024,2022-09-23,Zalo,Khuyến mãi,0,0,1228000.0
E00489,PH0762,2024-08-27,Email,Thăm trình dược,0,0,989000.0
E00490,PH0131,2025-04-27,Zalo,Nhắc đặt lại,0,0,1071000.0
E00491,PH0125,2024-01-29,Email,Hàng mới,1,1,0.0
E00492,PH0372,2025-06-01,Email,Nhắc đặt lại,1,1,0.0
E00493,PH0762,2025-11-16,Pigeon,Thăm trình dược,1,0,0.0
E00494,PH0187,2022-05-29,Email,Nhắc đặt lại,1,0,266000.0
E00495,PH0658,2023-05-19,Zalo,Thăm trình dược,1,1,0.0
E00496,PH0524,2023-05-05,Email,Nhắc đặt lại,0,0,0.0
E00497,PH0324,2023-09-06,Email,Thăm trình dược,1,1,0.0
E00498,PH0250,2023-12-03,Email,Khuyến mãi,0,0,212000.0
E00499,PH0465,2024-01-16,Email,Khuyến mãi,1,1,56000.0
E00500,PH0317,2024-04-18,Email,Khuyến mãi,1,1,1964000.0
E00501,PH0590,2025-03-27,Zalo,Khuyến mãi,0,0,0.0
E00502,PH0026,03/04/2025,Call,Nhắc đặt lại,1,0,1366000.0
E00503,PH0594,2025-01-26,Zalo,Hàng mới,1,0,0.0
E00504,PH0209,2021-03-16,Call,Nhắc đặt lại,1,0,0.0
E00505,PH0165,10-16-2023,Zalo,Thăm trình dược,1,1,1343000.0
E00506,PH0206,25/10/2025,Call,Hàng mới,1,0,0.0
E00507,PH0354,2025-12-15,Zalo,Hàng mới,1,0,1507000.0
E00508,PH0772,2025-12-17,Zalo,Thăm trình dược,1,0,786000.0
E00509,PH0300,2024-05-23,Call,Hàng mới,1,0,1652000.0
E00510,PH0038,2024-05-16,Email,Hàng mới,0,0,1629000.0
E00511,PH0593,2025-05-13,Email,,1,0,0.0
E00512,PH0390,2022-12-17,Zalo,Thăm trình dược,1,1,0.0
E00513,PH0746,2024-08-22,Email,Khuyến mãi,1,0,1206000.0
E00514,PH0075,2025-02-26,Email,Thăm trình dược,1,1,619000.0
E00515,PH0332,2021-11-16,Pigeon,Khuyến mãi,0,1,1351000.0
E00516,PH0296,2023-09-24,Call,Thăm trình dược,1,1,1256000.0
E00517,PH0676,12-06-2025,Email,Thăm trình dược,0,0,1518000.0
E00518,PH0650,2025-07-10,Pigeon,Nhắc đặt lại,TRUE,0,1111000.0
E00519,PH0309,2025-09-02,Email,Thăm trình dược,1,1,
E00520,PH0555,2025-08-21,Call,Khuyến mãi,1,0,0.0
E00521,PH0229,2025-05-16,Sales rep,Hàng mới,1,0,969000.0
E00522,PH0125,2024-07-26,Sales rep,Nhắc đặt lại,1,1,0.0
E00523,PH0341,2023-03-11,,Nhắc đặt lại,0,0,511000.0
E00524,PH0007,2022-05-12,Email,Khuyến mãi,1,1,1920000.0
E00525,PH0732,10-01-2023,Email,Hàng mới,1,0,0.0
E00526,PH0748,2025-05-17,Sales rep,Hàng mới,0,0,
E00527,PH0624,28/03/2024,Call,Hàng mới,0,0,1117000.0
E00528,PH0299,2024-04-21,Sales rep,Thăm trình dược,1,0,1754000.0
E00529,PH0489,2025-05-10,Call,Nhắc đặt lại,1,1,850000.0
E00530,PH0614,2023-08-01,Email,Khuyến mãi,0,0,805000.0
E00531,PH0073,05-26-2025,Sales rep,,0,0,1410000.0
E00532,PH0653,2024-04-11,Email,Nhắc đặt lại,0,0,254000.0
E00533,PH0794,2025-05-09,Zalo,Khuyến mãi,0,0,0.0
E00534,PH0763,06/11/2024,Email,Nhắc đặt lại,1,0,1346000.0
E00535,PH0126,03-29-2025,Zalo,Thăm trình dược,Yes,0,897000.0
E00536,PH0326,08-30-2023,Email,,0,0,0.0
E00537,PH0750,03/06/2024,Email,Khuyến mãi,0,0,460000.0
E00538,PH0342,02/04/2025,Call,Khuyến mãi,1,1,360000.0
E00539,PH0527,12-27-2020,Call,Nhắc đặt lại,1,1,0.0
E00540,PH0314,2025-08-10,Call,Khuyến mãi,1,1,0.0
E00541,PH0493,2023-08-24,Call,Thăm trình dược,1,1,0.0
E00542,PH0519,2025-10-18,Call,Thăm trình dược,0,0,412000.0
E00543,PH0582,2020-11-24,Sales rep,Nhắc đặt lại,TRUE,0,822000.0
E00544,PH0485,2024-12-11,Sales rep,Thăm trình dược,0,0,511000.0
E00545,PH0041,2023-11-14,Zalo,Khuyến mãi,1,0,1851000.0
E00546,PH0239,2025-12-28,Sales rep,Khuyến mãi,1,1,0.0
E00547,PH0339,2022-08-08,Sales rep,Khuyến mãi,0,0,0.0
E00548,PH0458,2025-10-21,Zalo,Thăm trình dược,1,0,0.0
E00549,PH0261,2024-06-11,,Khuyến mãi,0,0,1079000.0
E00550,PH0205,2025-04-09,Call,Hàng mới,0,0,1747000.0
E00551,PH0158,25/01/2023,Call,Hàng mới,0,0,1544000.0
E00552,PH0378,21/03/2020,Email,Nhắc đặt lại,1,0,1320000.0
E00553,PH0476,2025-06-18,Zalo,Khuyến mãi,1,1,205000.0
E00554,PH0581,2021-08-07,Zalo,Nhắc đặt lại,0,0,0.0
E00555,PH0338,2024-03-31,Email,Thăm trình dược,1,1,744000.0
E00556,PH0352,2024-04-20,Sales rep,Thăm trình dược,TRUE,0,
E00557,PH0580,2025-06-06,Zalo,Nhắc đặt lại,1,0,1875000.0
E00558,PH0311,2024-06-23,,Nhắc đặt lại,1,0,328000.0
E00559,PH0136,21/04/2024,Zalo,Khuyến mãi,1,1,0.0
E00560,PH0420,2023-10-06,Sales rep,Nhắc đặt lại,0,0,0.0
E00561,PH0483,2023-04-18,Zalo,Thăm trình dược,0,0,0.0
E00562,PH0462,2024-06-28,Call,Nhắc đặt lại,1,1,0.0
E00563,PH0715,2024-10-04,Call,Thăm trình dược,1,0,1419000.0
E00564,PH0697,2025-03-16,Call,Hàng mới,0,1,1380000.0
E00565,PH0069,04-09-2024,Zalo,Khuyến mãi,0,0,544000.0
E00566,PH0572,2022-11-24,Zalo,Hàng mới,0,0,0.0
E00567,PH0462,2023-03-14,Zalo,Khuyến mãi,0,0,414000.0
E00568,PH0669,21/04/2024,Sales rep,Thăm trình dược,1,0,1658000.0
E00569,PH0605,2021-08-31,Zalo,Thăm trình dược,1,1,0.0
E00570,PH0506,26/05/2025,Sales rep,Hàng mới,1,1,1968000.0
E00571,PH0398,2024-11-26,Zalo,Hàng mới,1,0,232000.0
E00572,PH0454,03/08/2025,Zalo,Thăm trình dược,0,0,888000.0
E00573,PH0109,19/11/2021,Call,Thăm trình dược,1,0,441000.0
E00574,PH0305,2024-09-28,Sales rep,Khuyến mãi,0,0,1683000.0
E00575,PH0453,2025-12-06,Sales rep,Khuyến mãi,1,0,0.0
E00576,PH0602,2025-01-08,Sales rep,Thăm trình dược,1,1,1086000.0
E00577,PH0582,2024-07-09,Zalo,Nhắc đặt lại,0,0,1597000.0
E00578,PH0168,19/10/2024,Sales rep,Nhắc đặt lại,1,0,0.0
E00579,PH0748,2025-07-08,Zalo,Khuyến mãi,1,1,953000.0
E00580,PH0735,2022-08-31,Call,Nhắc đặt lại,0,0,1007000.0
E00581,PH0018,2024-05-16,Sales rep,Thăm trình dược,1,0,1120000.0
E00582,PH0739,2020-06-07,Zalo,Hàng mới,1,0,0.0
E00583,PH0738,05-17-2025,Sales rep,Khuyến mãi,0,0,1412000.0
E00584,PH0421,2025-05-22,,Hàng mới,0,0,0.0
E00585,PH0503,2024-08-17,Zalo,Thăm trình dược,1,1,
E00586,PH0410,2023-11-03,Call,Thăm trình dược,0,0,684000.0
E00587,PH0422,2025-05-10,Call,Khuyến mãi,1,1,1429000.0
E00588,PH0237,2025-04-01,Sales rep,Thăm trình dược,1,0,0.0
E00589,PH0345,2023-07-19,,Nhắc đặt lại,1,0,1554000.0
E00590,PH0705,2025-01-13,Call,Thăm trình dược,1,0,427000.0
E00591,PH0100,23/11/2024,Zalo,Nhắc đặt lại,1,0,0.0
E00592,PH0582,2025-04-16,Call,Hàng mới,1,0,1816000.0
E00593,PH0139,2023-03-01,Email,Khuyến mãi,0,0,1745000.0
E00594,PH0046,2024-03-24,Pigeon,Nhắc đặt lại,1,1,
E00595,PH0313,07/04/2024,Email,Thăm trình dược,1,1,1112000.0
E00596,PH0157,2023-03-21,Sales rep,Nhắc đặt lại,0,0,1249000.0
E00597,PH0019,2024-01-26,Sales rep,Nhắc đặt lại,1,0,996000.0
E00598,PH0108,2025-12-05,Sales rep,Khuyến mãi,0,0,232000.0
E00599,PH0479,2024-10-31,Sales rep,Hàng mới,0,0,0.0
E00600,PH0580,06/12/2024,Call,Khuyến mãi,1,0,105000.0
E00601,PH0562,2022-07-07,Call,Hàng mới,0,0,0.0
E00602,PH0498,2025-05-19,Zalo,Khuyến mãi,0,0,954000.0
E00603,PH0784,2025-08-14,Zalo,Hàng mới,1,1,249000.0
E00604,PH0480,2025-01-26,Call,Hàng mới,0,0,1024000.0
E00605,PH0612,2025-02-25,Zalo,Thăm trình dược,1,0,1422000.0
E00606,PH0384,2023-12-13,Email,Hàng mới,1,0,1293000.0
E00607,PH0375,2025-11-20,Call,Nhắc đặt lại,0,0,0.0
E00608,PH0087,2023-05-03,Email,Hàng mới,TRUE,0,936000.0
E00609,PH0410,09-22-2024,Call,Thăm trình dược,0,1,486000.0
E00610,PH0128,2022-01-20,Sales rep,Hàng mới,1,0,0.0
E00611,PH0378,2024-12-26,,Nhắc đặt lại,1,1,
E00612,PH0758,2020-11-30,,Nhắc đặt lại,1,0,0.0
E00613,PH0040,2025-06-01,Email,Khuyến mãi,0,0,0.0
E00614,PH0579,2024-07-05,Email,Thăm trình dược,0,1,864000.0
E00615,PH0376,2025-04-11,Call,Khuyến mãi,0,0,1113000.0
E00616,PH0395,2025-01-14,Zalo,Khuyến mãi,1,1,1586000.0
E00617,PH0235,2023-06-22,Sales rep,Thăm trình dược,1,0,840000.0
E00618,PH0012,2025-12-31,Call,Nhắc đặt lại,1,1,0.0
E00619,PH0377,29/07/2025,Zalo,Khuyến mãi,0,0,1422000.0
E00620,PH0115,2024-08-06,Call,Khuyến mãi,0,0,1484000.0
E00621,PH0638,2024-06-04,Sales rep,Khuyến mãi,0,0,390000.0
E00622,PH0270,15/02/2021,Email,Nhắc đặt lại,1,1,1542000.0
E00623,PH0688,03-26-2024,,Hàng mới,0,0,0.0
E00624,PH0490,2024-05-25,Zalo,Thăm trình dược,0,0,1264000.0
E00625,PH0557,2024-11-08,Zalo,Thăm trình dược,0,0,0.0
E00626,PH0445,2025-12-11,Call,Nhắc đặt lại,1,0,0.0
E00627,PH0335,2023-05-01,Sales rep,Hàng mới,0,0,0.0
E00628,PH0320,2025-10-22,Zalo,Khuyến mãi,0,0,917000.0
E00629,PH0211,01-22-2021,Email,Nhắc đặt lại,1,1,0.0
E00630,PH0248,2023-12-27,Zalo,Hàng mới,1,1,0.0
E00631,PH0404,2025-08-01,Sales rep,Hàng mới,1,0,1000.0
E00632,PH0211,2020-07-17,Sales rep,,1,0,0.0
E00633,PH0370,2025-09-02,Zalo,Khuyến mãi,1,0,1319000.0
E00634,PH0785,2021-04-28,Call,Thăm trình dược,1,0,1764000.0
E00635,PH0478,21/09/2025,Zalo,Hàng mới,1,1,591000.0
E00636,PH0066,2020-02-19,Call,,0,0,1499000.0
E00637,PH0077,2025-07-31,Zalo,Hàng mới,0,0,540000.0
E00638,PH0388,05/04/2023,,Khuyến mãi,1,0,659000.0
E00639,PH0160,2024-02-23,Email,Thăm trình dược,1,0,1723000.0
E00640,PH0466,2024-10-18,Sales rep,Nhắc đặt lại,0,0,0.0
E00641,PH0507,2025-11-26,Sales rep,Nhắc đặt lại,1,0,0.0
E00642,PH0373,2025-01-31,Sales rep,Nhắc đặt lại,1,0,1958000.0
E00643,PH0143,2025-02-04,Call,Nhắc đặt lại,0,0,0.0
E00644,PH0605,31/07/2024,Zalo,Thăm trình dược,0,0,0.0
E00645,PH0173,21/04/2024,Zalo,Nhắc đặt lại,0,0,1030000.0
E00646,PH0792,2024-04-08,Sales rep,Khuyến mãi,0,0,0.0
E00647,PH0137,2023-09-28,Zalo,Thăm trình dược,1,1,445000.0
E00648,PH0077,2022-09-26,Pigeon,Nhắc đặt lại,0,0,0.0
E00649,PH0397,2025-03-18,Email,Thăm trình dược,0,0,1185000.0
E00650,PH0398,2024-01-17,Call,Nhắc đặt lại,1,0,1681000.0
E00651,PH0669,2024-03-14,Sales rep,Hàng mới,0,0,0.0
E00652,PH0034,2025-06-24,Call,Thăm trình dược,0,0,0.0
E00653,PH0193,2024-09-06,Zalo,Thăm trình dược,0,0,0.0
E00654,PH0600,2024-05-10,Email,Hàng mới,1,0,0.0
E00655,PH0130,2025-03-28,Zalo,Nhắc đặt lại,0,0,1726000.0
E00656,PH0525,2024-12-12,Zalo,Nhắc đặt lại,Yes,0,0.0
E00657,PH0657,2025-01-09,Zalo,Khuyến mãi,1,0,450000.0
E00658,PH0640,2024-09-13,Sales rep,,0,1,1114000.0
E00659,PH0395,14/07/2025,Zalo,Hàng mới,1,1,186000.0
E00660,PH0727,15/09/2020,Sales rep,,1,0,495000.0
E00661,PH0024,2022-12-29,Zalo,Nhắc đặt lại,1,1,0.0
E00662,PH0642,25/05/2024,Call,Nhắc đặt lại,0,0,1580000.0
E00663,PH0236,2025-05-20,Zalo,,1,1,226000.0
E00664,PH0280,12/07/2024,Zalo,Thăm trình dược,1,0,29000.0
E00665,PH0023,2025-02-09,Sales rep,Nhắc đặt lại,1,1,1467000.0
E00666,PH0350,03-12-2025,Sales rep,Khuyến mãi,1,0,247000.0
E00667,PH0582,2021-02-26,Zalo,Thăm trình dược,0,0,0.0
E00668,PH0028,2024-02-05,Call,Khuyến mãi,0,0,1926000.0
E00669,PH0275,2025-11-03,Call,Khuyến mãi,1,0,0.0
E00670,PH0132,2024-06-08,Zalo,Nhắc đặt lại,0,0,1773000.0
E00671,PH0738,2024-12-28,Sales rep,Hàng mới,1,0,1616000.0
E00672,PH0033,2025-10-27,Call,,0,0,1263000.0
E00673,PH0673,2024-06-22,Sales rep,,1,1,1843000.0
E00674,PH0542,2023-08-21,Sales rep,Thăm trình dược,1,1,0.0
E00675,PH0324,08/05/2025,Call,Khuyến mãi,0,0,380000.0
E00676,PH0197,2023-01-04,Sales rep,Thăm trình dược,1,1,0.0
E00677,PH0446,2023-10-25,Sales rep,Nhắc đặt lại,1,1,750000.0
E00678,PH0683,2023-01-30,Sales rep,Nhắc đặt lại,1,1,492000.0
E00679,PH0380,14/03/2025,Email,Khuyến mãi,0,0,1531000.0
E00680,PH0617,16/09/2022,Sales rep,Nhắc đặt lại,0,0,805000.0
E00681,PH0306,04-14-2025,Email,Khuyến mãi,0,0,1274000.0
E00682,PH0709,2025-11-28,Call,Hàng mới,0,0,0.0
E00683,PH0585,13/01/2025,Zalo,Nhắc đặt lại,1,1,0.0
E00684,PH0581,2021-05-11,Sales rep,Hàng mới,1,1,765000.0
E00685,PH0119,22/08/2024,Sales rep,Hàng mới,1,0,0.0
E00686,PH0083,2023-03-25,Sales rep,Hàng mới,1,0,0.0
E00687,PH0104,2024-07-23,Email,Thăm trình dược,1,0,0.0
E00688,PH0282,2024-07-16,Sales rep,Khuyến mãi,1,0,1001000.0
E00689,PH0314,2025-12-26,Pigeon,Hàng mới,0,0,611000.0
E00690,PH0645,2025-10-19,Zalo,Thăm trình dược,1,0,536000.0
E00691,PH0339,2023-10-30,Email,Thăm trình dược,0,0,1817000.0
E00692,PH0777,2024-10-02,Email,Khuyến mãi,TRUE,0,1777000.0
E00693,PH0175,2025-12-26,Email,Thăm trình dược,0,0,254000.0
E00694,PH0056,2022-08-09,Sales rep,Thăm trình dược,0,0,81000.0
E00695,PH0077,2025-03-30,Email,,0,0,0.0
E00696,PH0019,2025-12-30,Zalo,Nhắc đặt lại,1,1,450000.0
E00697,PH0393,2025-05-06,Email,Khuyến mãi,1,0,1250000.0
E00698,PH0691,2025-12-14,Sales rep,Thăm trình dược,0,0,290000.0
E00699,PH0658,2024-06-26,Call,Khuyến mãi,1,0,0.0
E00700,PH0064,2021-11-18,,Hàng mới,1,0,
E00701,PH0479,2024-03-15,Call,Thăm trình dược,1,1,1920000.0
E00702,PH0729,2025-05-21,Sales rep,Thăm trình dược,0,0,
E00703,PH0013,27/12/2023,Sales rep,Nhắc đặt lại,1,1,0.0
E00704,PH0083,13/07/2022,Sales rep,Nhắc đặt lại,0,0,907000.0
E00705,PH0383,2024-02-16,Sales rep,Nhắc đặt lại,1,0,1822000.0
E00706,PH0235,2023-05-08,Zalo,Hàng mới,1,1,1169000.0
E00707,PH0527,2021-02-04,Call,Hàng mới,1,0,0.0
E00708,PH0348,2023-10-09,Pigeon,Thăm trình dược,Yes,0,0.0
E00709,PH0784,2025-07-11,Sales rep,Khuyến mãi,1,0,
E00710,PH0377,03/10/2024,Sales rep,Thăm trình dược,1,0,342000.0
E00711,PH0455,2025-05-24,Sales rep,Hàng mới,0,0,422000.0
E00712,PH0652,09-22-2024,Sales rep,Hàng mới,1,0,0.0
E00713,PH0424,2023-09-29,Call,Nhắc đặt lại,1,1,0.0
E00714,PH0610,2025-11-21,Email,Nhắc đặt lại,0,1,0.0
E00715,PH0324,30/07/2023,Sales rep,Khuyến mãi,0,0,0.0
E00716,PH0734,2024-08-19,Email,Thăm trình dược,0,0,1747000.0
E00717,PH0654,2025-03-15,Sales rep,Nhắc đặt lại,0,0,1946000.0
E00718,PH0181,2023-05-28,Call,Nhắc đặt lại,0,0,817000.0
E00719,PH0610,30/09/2025,Sales rep,Thăm trình dược,TRUE,0,470000.0
E00720,PH0319,2025-12-09,Sales rep,Nhắc đặt lại,0,0,1507000.0
E00721,PH0370,16/09/2025,Call,Nhắc đặt lại,1,0,443000.0
E00722,PH0667,13/12/2022,Zalo,Thăm trình dược,1,1,1986000.0
E00723,PH0723,2023-12-01,Zalo,Nhắc đặt lại,0,0,585000.0
E00724,PH0733,2024-12-12,Sales rep,Thăm trình dược,0,0,0.0
E00725,PH0222,2022-12-12,Zalo,Thăm trình dược,0,0,1900000.0
E00726,PH0404,2025-08-25,Call,Khuyến mãi,0,0,0.0
E00727,PH0206,2024-11-13,Email,Khuyến mãi,0,0,0.0
E00728,PH0602,2025-07-03,Zalo,Khuyến mãi,1,0,
E00729,PH0069,2024-10-17,Email,Khuyến mãi,1,0,0.0
E00730,PH0652,2024-09-16,,Thăm trình dược,0,0,925000.0
E00731,PH0603,2025-01-03,Call,Khuyến mãi,1,0,0.0
E00732,PH0229,12-23-2022,Call,Nhắc đặt lại,0,0,0.0
E00733,PH0385,2025-11-17,Call,Thăm trình dược,0,0,515000.0
E00734,PH0746,2025-11-18,Email,Thăm trình dược,0,0,1922000.0
E00735,PH0174,2023-07-27,Zalo,Thăm trình dược,0,0,1773000.0
E00736,PH0600,2025-10-18,Zalo,Khuyến mãi,Yes,0,0.0
E00737,PH0466,11-14-2024,Call,Nhắc đặt lại,1,0,1907000.0
E00738,PH0357,2024-10-06,Call,Thăm trình dược,1,0,1703000.0
E00739,PH0483,13/01/2025,Call,Hàng mới,0,0,0.0
E00740,PH0115,2025-01-10,Sales rep,Thăm trình dược,0,0,0.0
E00741,PH0468,2025-08-20,Call,Hàng mới,1,1,0.0
E00742,PH0119,2024-06-03,Pigeon,Hàng mới,1,0,0.0
E00743,PH0077,2022-04-10,Zalo,Thăm trình dược,TRUE,0,0.0
E00744,PH0591,2024-11-09,Zalo,Thăm trình dược,0,0,
E00745,PH0368,2023-03-04,Call,Khuyến mãi,1,1,0.0
E00746,PH0644,2024-11-22,Email,Hàng mới,0,0,1569000.0
E00747,PH0730,2025-12-08,Zalo,Thăm trình dược,0,0,0.0
E00748,PH0054,2024-07-16,Email,Thăm trình dược,0,0,318000.0
E00749,PH0035,2025-04-20,,Hàng mới,1,0,1559000.0
E00750,PH0430,2025-09-05,Zalo,Nhắc đặt lại,0,0,0.0
E00751,PH0389,04-04-2025,Call,Nhắc đặt lại,1,1,
E00752,PH0026,2025-02-02,Sales rep,Thăm trình dược,1,0,818000.0
E00753,PH0523,2022-05-11,Call,Khuyến mãi,1,0,1109000.0
E00754,PH0697,05/09/2025,Call,Khuyến mãi,1,0,1109000.0
E00755,PH0497,2024-09-12,Zalo,Nhắc đặt lại,1,0,782000.0
E00756,PH0121,2025-04-16,Call,,1,0,1325000.0
E00757,PH0188,2025-09-12,Call,Nhắc đặt lại,0,0,423000.0
E00758,PH0118,2025-08-09,Pigeon,Khuyến mãi,0,0,1782000.0
E00759,PH0589,2024-01-03,Sales rep,Thăm trình dược,1,0,0.0
E00760,PH0024,2025-05-13,Sales rep,Thăm trình dược,1,1,875000.0
E00761,PH0299,2021-10-13,Email,Thăm trình dược,Yes,1,0.0
E00762,PH0260,2024-04-29,Call,Nhắc đặt lại,1,0,0.0
E00763,PH0569,12/08/2025,Zalo,Khuyến mãi,0,0,0.0
E00764,PH0361,2025-06-08,Sales rep,Thăm trình dược,1,1,1958000.0
E00765,PH0544,2024-08-11,Sales rep,Nhắc đặt lại,0,0,1588000.0
E00766,PH0361,30/06/2024,Zalo,Khuyến mãi,0,0,1740000.0
E00767,PH0012,09-28-2024,Email,Thăm trình dược,1,0,475000.0
E00768,PH0031,2025-12-26,Sales rep,Nhắc đặt lại,0,0,1325000.0
E00769,PH0416,2025-01-11,Zalo,Nhắc đặt lại,Yes,0,340000.0
E00770,PH0013,11-10-2024,Call,Khuyến mãi,0,0,0.0
E00771,PH0772,06/07/2025,Email,Nhắc đặt lại,0,0,537000.0
E00772,PH0329,04/12/2025,Sales rep,Khuyến mãi,1,1,
E00773,PH0658,2025-02-11,Sales rep,Nhắc đặt lại,1,0,0.0
E00774,PH0746,2024-06-08,Email,Nhắc đặt lại,1,0,1722000.0
E00775,PH0282,2024-02-13,Zalo,Hàng mới,1,0,0.0
E00776,PH0700,2025-01-31,Sales rep,Khuyến mãi,1,0,0.0
E00777,PH0465,2024-11-05,Sales rep,,0,0,916000.0
E00778,PH0135,2025-01-17,Sales rep,Nhắc đặt lại,0,0,
E00779,PH0363,2025-03-24,Call,Khuyến mãi,1,0,1283000.0
E00780,PH0671,03/09/2025,Sales rep,Thăm trình dược,1,0,748000.0
E00781,PH0628,2024-01-07,Sales rep,Hàng mới,1,0,0.0
E00782,PH0547,2024-10-04,,Nhắc đặt lại,1,0,1918000.0
E00783,PH0419,2023-01-02,Sales rep,Hàng mới,0,0,613000.0
E00784,PH0190,2024-06-22,Sales rep,Thăm trình dược,0,0,0.0
E00785,PH0674,2020-12-20,Sales rep,Hàng mới,1,0,341000.0
E00786,PH0513,2023-05-09,Sales rep,Thăm trình dược,1,1,82000.0
E00787,PH0075,2025-09-18,Email,Thăm trình dược,Yes,0,895000.0
E00788,PH0005,2021-08-04,Zalo,Thăm trình dược,1,1,0.0
E00789,PH0312,2025-08-11,Sales rep,Khuyến mãi,1,0,0.0
E00790,PH0462,19/06/2020,,Hàng mới,0,0,352000.0
E00791,PH0770,2022-04-23,Email,Khuyến mãi,0,1,0.0
E00792,PH0644,2023-09-03,Email,Nhắc đặt lại,0,0,0.0
E00793,PH0482,2024-05-04,Email,Hàng mới,0,0,285000.0
E00794,PH0117,2025-12-24,Call,Thăm trình dược,1,0,1619000.0
E00795,PH0124,2025-04-28,Email,Hàng mới,0,0,1401000.0
E00796,PH0348,2024-02-09,Sales rep,Hàng mới,1,0,57000.0
E00797,PH0334,22/05/2025,Sales rep,Khuyến mãi,1,1,0.0
E00798,PH0740,2023-04-15,Zalo,Khuyến mãi,1,1,0.0
E00799,PH0033,2023-11-13,Sales rep,Thăm trình dược,0,1,1165000.0
E00800,PH0445,2025-08-23,Email,Hàng mới,1,0,0.0
E00801,PH0170,2024-03-20,Email,Nhắc đặt lại,0,0,1446000.0
E00802,PH0380,2025-04-26,Sales rep,Thăm trình dược,0,0,605000.0
E00803,PH0404,2025-11-02,Sales rep,Thăm trình dược,1,0,0.0
E00804,PH0525,2025-05-02,Sales rep,Nhắc đặt lại,1,1,654000.0
E00805,PH0437,2021-04-21,Zalo,Hàng mới,1,0,429000.0
E00806,PH0660,2020-05-06,Zalo,Nhắc đặt lại,1,1,1559000.0
E00807,PH0486,2024-11-15,Zalo,Thăm trình dược,1,0,1074000.0
E00808,PH0773,2024-08-06,Sales rep,,1,1,793000.0
E00809,PH0367,2025-06-04,Zalo,Khuyến mãi,1,1,845000.0
E00810,PH0457,2024-10-07,Sales rep,Thăm trình dược,1,0,1206000.0
E00811,PH0756,22/01/2025,Zalo,Khuyến mãi,1,1,1689000.0
E00812,PH0296,2025-01-02,Email,Khuyến mãi,TRUE,0,1023000.0
E00813,PH0257,2025-10-25,Call,Hàng mới,1,0,727000.0
E00814,PH0684,27/09/2025,Call,Nhắc đặt lại,0,1,879000.0
E00815,PH0413,2024-04-09,Call,Nhắc đặt lại,1,0,353000.0
E00816,PH0499,2022-07-16,Sales rep,Hàng mới,0,0,525000.0
E00817,PH0649,2025-02-24,Call,Nhắc đặt lại,1,1,0.0
E00818,PH0168,2025-05-06,Sales rep,Thăm trình dược,0,0,511000.0
E00819,PH0527,2022-08-20,Zalo,Hàng mới,1,0,0.0
E00820,PH0556,2024-10-23,Sales rep,Nhắc đặt lại,1,0,638000.0
E00821,PH0006,2022-08-08,Sales rep,Hàng mới,1,0,0.0
E00822,PH0334,2024-06-20,Email,Nhắc đặt lại,0,0,0.0
E00823,PH0027,07/11/2025,,,1,0,
E00824,PH0708,2024-10-13,Sales rep,Nhắc đặt lại,0,0,0.0
E00825,PH0095,2025-06-24,Email,Thăm trình dược,0,0,0.0
E00826,PH0130,2022-10-12,Zalo,Hàng mới,0,0,1546000.0
E00827,PH0420,2024-07-04,Call,Hàng mới,Yes,0,1706000.0
E00828,PH0145,2025-06-19,Email,Khuyến mãi,1,1,1727000.0
E00829,PH0463,2025-04-06,Zalo,Thăm trình dược,0,0,80000.0
E00830,PH0657,2025-07-14,Email,Thăm trình dược,1,0,694000.0
E00831,PH0577,2025-11-28,Zalo,Thăm trình dược,1,0,1013000.0
E00832,PH0305,2025-12-24,Sales rep,Nhắc đặt lại,1,0,
E00833,PH0366,2024-05-20,Email,Nhắc đặt lại,0,0,
E00834,PH0759,2025-01-16,Sales rep,Hàng mới,0,1,0.0
E00835,PH0184,2024-12-30,Pigeon,Thăm trình dược,0,0,918000.0
E00836,PH0569,2025-09-19,Call,Thăm trình dược,0,0,0.0
E00837,PH0421,09-29-2024,Email,Hàng mới,1,0,670000.0
E00838,PH0557,06/05/2022,Zalo,Nhắc đặt lại,1,0,1137000.0
E00839,PH0614,2024-03-08,Call,Khuyến mãi,0,0,1105000.0
E00840,PH0718,2025-01-22,Call,Nhắc đặt lại,0,0,1712000.0
E00841,PH0649,2025-11-04,Sales rep,Khuyến mãi,1,0,0.0
E00842,PH0526,2025-03-15,Zalo,Thăm trình dược,0,0,846000.0
E00843,PH0746,2025-11-04,Email,Khuyến mãi,1,0,0.0
E00844,PH0151,16/04/2024,,Khuyến mãi,0,0,0.0
E00845,PH0348,2025-12-26,Zalo,Thăm trình dược,0,0,0.0
E00846,PH0033,07-31-2022,Call,Thăm trình dược,1,0,0.0
E00847,PH0555,2025-07-02,Zalo,Khuyến mãi,1,0,0.0
E00848,PH0645,09-10-2024,Sales rep,Hàng mới,0,0,1432000.0
E00849,PH0701,2024-02-07,Email,Khuyến mãi,1,0,474000.0
E00850,PH0725,2024-05-27,Email,Thăm trình dược,1,1,556000.0
E00851,PH0421,2024-08-03,Zalo,Khuyến mãi,1,0,318000.0
E00852,PH0118,2021-11-20,Zalo,Thăm trình dược,1,1,0.0
E00853,PH0224,2025-06-26,Call,Nhắc đặt lại,0,0,340000.0
E00854,PH0250,2023-09-26,Sales rep,Khuyến mãi,1,0,0.0
E00855,PH0374,2022-08-23,Email,Khuyến mãi,1,1,1249000.0
E00856,PH0451,2025-03-18,Call,Hàng mới,0,0,0.0
E00857,PH0330,2025-02-05,Email,Nhắc đặt lại,0,0,0.0
E00858,PH0667,2022-08-10,Zalo,Hàng mới,1,1,0.0
E00859,PH0205,2025-01-01,Sales rep,Khuyến mãi,0,0,970000.0
E00860,PH0716,2025-12-13,Zalo,Thăm trình dược,TRUE,0,612000.0
E00861,PH0410,2025-01-04,Call,Hàng mới,1,1,459000.0
E00862,PH0376,2025-09-07,Zalo,Thăm trình dược,1,0,627000.0
E00863,PH0389,03/03/2024,Call,Khuyến mãi,Yes,1,0.0
E00864,PH0169,2025-08-13,Zalo,Thăm trình dược,0,0,717000.0
E00865,PH0487,2025-03-10,Call,Thăm trình dược,0,0,121000.0
E00866,PH0362,02-23-2021,Zalo,Khuyến mãi,1,0,0.0
E00867,PH0292,2024-11-05,Zalo,Nhắc đặt lại,0,0,784000.0
E00868,PH0669,2025-01-24,Call,Thăm trình dược,1,0,0.0
E00869,PH0148,2025-08-09,Pigeon,Nhắc đặt lại,1,1,1021000.0
E00870,PH0569,2025-07-10,Call,Nhắc đặt lại,1,1,461000.0
E00871,PH0299,2024-06-04,Sales rep,Thăm trình dược,1,1,1005000.0
E00872,PH0654,2025-02-23,Email,Nhắc đặt lại,0,0,259000.0
E00873,PH0470,2024-04-11,Sales rep,Khuyến mãi,0,0,387000.0
E00874,PH0645,2025-10-01,Email,Thăm trình dược,1,1,0.0
E00875,PH0579,2025-12-04,Call,Thăm trình dược,0,0,496000.0
E00876,PH0582,2024-09-23,Zalo,Khuyến mãi,0,0,1266000.0
E00877,PH0483,08-12-2022,Zalo,Nhắc đặt lại,1,0,260000.0
E00878,PH0526,2023-07-30,Email,Khuyến mãi,1,0,0.0
E00879,PH0567,2025-10-30,Email,Nhắc đặt lại,0,1,823000.0
E00880,PH0098,2025-08-28,Sales rep,Thăm trình dược,1,0,
E00881,PH0320,2025-06-19,Zalo,Thăm trình dược,1,0,1859000.0
E00882,PH0022,2024-03-09,Call,Nhắc đặt lại,1,1,1447000.0
E00883,PH0271,08-11-2025,Email,Hàng mới,0,0,0.0
E00884,PH0080,2023-06-30,Email,Thăm trình dược,0,0,1524000.0
E00885,PH0374,2024-10-18,Call,Khuyến mãi,1,1,392000.0
E00886,PH0575,07-29-2025,Zalo,Khuyến mãi,1,1,0.0
E00887,PH0159,2025-04-16,Sales rep,Khuyến mãi,1,0,0.0
E00888,PH0525,2021-02-02,Email,Thăm trình dược,0,0,0.0
E00889,PH0371,2025-08-27,Zalo,Thăm trình dược,1,0,548000.0
E00890,PH0374,2024-11-11,Call,Hàng mới,1,1,1316000.0
E00891,PH0777,2023-07-29,Pigeon,,1,0,899000.0
E00892,PH0622,2025-09-02,Call,Khuyến mãi,1,0,0.0
E00893,PH0489,2021-05-20,Sales rep,Thăm trình dược,TRUE,0,0.0
E00894,PH0277,2025-10-08,Sales rep,Thăm trình dược,0,0,0.0
E00895,PH0371,26/10/2024,Email,Khuyến mãi,1,0,1587000.0
E00896,PH0482,05-11-2025,,Nhắc đặt lại,1,1,270000.0
E00897,PH0156,11/08/2025,Email,Khuyến mãi,0,0,1360000.0
E00898,PH0343,2020-10-29,Sales rep,Hàng mới,0,0,1552000.0
E00899,PH0085,28/06/2024,Call,Khuyến mãi,1,0,0.0
E00900,PH0110,2025-02-14,Sales rep,,1,1,118000.0
E00901,PH0461,2024-08-14,Call,Thăm trình dược,0,0,527000.0
E00902,PH0576,2024-09-29,Call,Nhắc đặt lại,1,0,385000.0
E00903,PH0163,2022-03-07,Zalo,Hàng mới,0,0,1961000.0
E00904,PH0774,06-23-2025,Zalo,Hàng mới,0,0,1650000.0
E00905,PH0779,2024-09-26,Zalo,,1,0,1220000.0
E00906,PH0483,03-30-2022,Sales rep,Khuyến mãi,1,1,0.0
E00907,PH0518,2022-05-16,,Thăm trình dược,0,0,1037000.0
E00908,PH0552,2023-04-08,Zalo,Khuyến mãi,0,0,1058000.0
E00909,PH0669,2025-06-13,Call,Nhắc đặt lại,1,0,400000.0
E00910,PH0788,2025-03-13,Zalo,Nhắc đặt lại,1,0,1064000.0
E00911,PH0582,2022-04-28,Email,Thăm trình dược,1,1,568000.0
E00912,PH0385,2025-08-04,Email,Khuyến mãi,0,0,1528000.0
E00913,PH0516,2025-12-24,Call,Khuyến mãi,1,0,0.0
E00914,PH0378,24/03/2022,Sales rep,,0,0,1314000.0
E00915,PH0780,2024-12-10,Call,Khuyến mãi,1,1,510000.0
E00916,PH0725,2023-12-04,Email,,0,0,791000.0
E00917,PH0436,2024-01-24,Sales rep,Thăm trình dược,0,0,525000.0
E00918,PH0095,05-28-2025,Email,Nhắc đặt lại,0,0,0.0
E00919,PH0643,2025-01-29,Zalo,Khuyến mãi,0,0,594000.0
E00920,PH0728,2024-08-25,Email,Thăm trình dược,1,0,0.0
E00921,PH0260,2024-05-12,Zalo,Khuyến mãi,0,1,1635000.0
E00922,PH0368,19/08/2022,Sales rep,Khuyến mãi,1,0,335000.0
E00923,PH0370,2025-03-24,Email,Nhắc đặt lại,0,0,0.0
E00924,PH0429,2024-02-23,Email,Nhắc đặt lại,1,1,0.0
E00925,PH0734,2025-11-18,Sales rep,Nhắc đặt lại,1,0,0.0
E00926,PH0182,2022-12-13,Sales rep,Khuyến mãi,1,0,0.0
E00927,PH0265,2022-11-22,Zalo,Khuyến mãi,0,0,1158000.0
E00928,PH0596,2022-10-13,Zalo,Thăm trình dược,0,0,959000.0
E00929,PH0551,2024-08-21,Zalo,Khuyến mãi,0,0,1893000.0
E00930,PH0401,05-01-2025,,Hàng mới,0,0,301000.0
E00931,PH0363,2025-07-17,Call,Nhắc đặt lại,0,0,0.0
E00932,PH0778,2021-12-09,Zalo,Nhắc đặt lại,1,0,1973000.0
E00933,PH0185,2025-05-07,Zalo,Nhắc đặt lại,1,1,0.0
E00934,PH0612,05-26-2025,Email,Hàng mới,1,1,676000.0
E00935,PH0739,2023-09-10,Zalo,Hàng mới,1,0,774000.0
E00936,PH0484,2025-03-09,Zalo,Khuyến mãi,1,1,1852000.0
E00937,PH0184,01-12-2024,Email,Nhắc đặt lại,1,1,811000.0
E00938,PH0201,02-04-2024,Call,Khuyến mãi,1,0,0.0
E00939,PH0053,2023-11-26,Pigeon,Thăm trình dược,1,0,0.0
E00940,PH0673,2024-03-17,Sales rep,Thăm trình dược,0,0,318000.0
E00941,PH0190,18/10/2023,Email,Nhắc đặt lại,1,0,0.0
E00942,PH0490,2025-07-05,Zalo,Hàng mới,0,0,0.0
E00943,PH0270,2021-02-28,Zalo,Nhắc đặt lại,0,0,0.0
E00944,PH0642,2025-01-31,Zalo,Thăm trình dược,0,0,855000.0
E00945,PH0087,2025-07-10,Call,Nhắc đặt lại,TRUE,0,0.0
E00946,PH0061,09-15-2025,Zalo,Hàng mới,1,0,1411000.0
E00947,PH0489,2021-12-02,Call,Hàng mới,1,0,813000.0
E00948,PH0588,2023-04-04,Zalo,Khuyến mãi,0,0,1994000.0
E00949,PH0672,2025-04-08,Email,Thăm trình dược,0,0,1525000.0
E00950,PH0015,2024-07-27,Email,Nhắc đặt lại,1,0,1832000.0
E00951,PH0780,2023-11-11,,,1,0,0.0
E00952,PH0664,04/03/2024,Zalo,Hàng mới,1,0,1801000.0
E00953,PH0754,07-09-2022,Zalo,Hàng mới,0,0,1413000.0
E00954,PH0438,2024-09-09,Email,Thăm trình dược,1,1,337000.0
E00955,PH0133,2024-10-23,Zalo,,1,0,91000.0
E00956,PH0790,2024-10-24,Call,Thăm trình dược,0,0,348000.0
E00957,PH0548,2022-05-12,Zalo,Thăm trình dược,0,0,0.0
E00958,PH0368,2024-05-16,Zalo,Khuyến mãi,0,0,238000.0
E00959,PH0400,2024-05-06,Email,Hàng mới,1,0,1462000.0
E00960,PH0408,2025-10-09,Call,Thăm trình dược,1,1,0.0
E00961,PH0058,15/12/2021,Zalo,Nhắc đặt lại,0,0,454000.0
E00962,PH0286,02/02/2025,Pigeon,Thăm trình dược,1,1,1250000.0
E00963,PH0760,2025-08-23,Call,Khuyến mãi,0,0,0.0
E00964,PH0758,2024-08-15,Email,Khuyến mãi,1,0,611000.0
E00965,PH0323,2025-04-17,Email,Khuyến mãi,Yes,0,
E00966,PH0551,2024-10-28,Call,Thăm trình dược,1,0,395000.0
E00967,PH0146,2025-06-13,Zalo,Khuyến mãi,1,0,
E00968,PH0612,2023-11-22,Sales rep,Thăm trình dược,1,0,
E00969,PH0464,06-30-2024,Zalo,Hàng mới,1,1,
E00970,PH0230,2025-05-26,Call,Khuyến mãi,0,0,0.0
E00971,PH0470,2021-11-17,Call,Hàng mới,0,0,1633000.0
E00972,PH0010,04-16-2023,Call,Khuyến mãi,0,0,0.0
E00973,PH0666,2024-10-25,Sales rep,Nhắc đặt lại,1,0,0.0
E00974,PH0562,04-11-2025,Sales rep,Hàng mới,0,0,1605000.0
E00975,PH0264,2023-05-29,Call,Nhắc đặt lại,1,1,0.0
E00976,PH0504,2025-09-23,Call,Khuyến mãi,0,0,0.0
E00977,PH0595,06/11/2024,Sales rep,Thăm trình dược,1,0,1200000.0
E00978,PH0621,2021-12-19,Pigeon,Khuyến mãi,0,0,1603000.0
E00979,PH0189,2025-11-29,Call,Nhắc đặt lại,1,0,328000.0
E00980,PH0162,2024-05-02,Call,Khuyến mãi,1,0,0.0
E00981,PH0267,2024-10-28,Sales rep,Nhắc đặt lại,Yes,0,318000.0
E00982,PH0115,2024-07-23,Email,Khuyến mãi,1,1,1842000.0
E00983,PH0389,2023-06-06,Email,,1,0,181000.0
E00984,PH0651,2025-01-08,Call,Thăm trình dược,1,0,1568000.0
E00985,PH0687,2025-04-14,Email,Khuyến mãi,1,0,1749000.0
E00986,PH0762,2024-08-16,Zalo,Hàng mới,0,0,1251000.0
E00987,PH0211,29/10/2023,Email,Hàng mới,0,0,405000.0
E00988,PH0137,2024-12-17,Call,Hàng mới,0,0,0.0
E00989,PH0418,13/10/2025,Call,,0,0,984000.0
E00990,PH0593,2025-06-13,,Hàng mới,1,0,1403000.0
E00991,PH0118,16/01/2024,Sales rep,Khuyến mãi,0,0,1602000.0
E00992,PH0010,2023-02-26,Email,Khuyến mãi,1,1,250000.0
E00993,PH0745,2022-12-22,Sales rep,Hàng mới,0,0,703000.0
E00994,PH0676,2025-07-08,Email,Nhắc đặt lại,0,0,0.0
E00995,PH0368,2024-10-27,Sales rep,Thăm trình dược,1,0,1859000.0
E00996,PH0505,2022-08-18,Call,Nhắc đặt lại,1,0,0.0
E00997,PH0589,2025-02-20,Zalo,Nhắc đặt lại,1,1,
E00998,PH0146,2025-10-16,Call,Hàng mới,1,1,0.0
E00999,PH0075,2025-07-15,Call,Thăm trình dược,1,1,0.0
E01000,PH0213,2025-09-30,Zalo,Hàng mới,1,0,0.0
E01001,PH0460,2025-04-15,Call,Thăm trình dược,0,0,1814000.0
E01002,PH0539,2025-07-14,Email,Khuyến mãi,1,0,0.0
E01003,PH0235,2024-02-17,Call,Thăm trình dược,0,0,0.0
E01004,PH0367,2025-07-18,Email,Hàng mới,1,0,1187000.0
E01005,PH0062,2022-06-08,Call,Thăm trình dược,0,0,606000.0
E01006,PH0282,2025-08-18,,Khuyến mãi,1,1,536000.0
E01007,PH0219,2025-07-26,Sales rep,Khuyến mãi,1,0,1515000.0
E01008,PH0238,2025-02-28,Sales rep,Khuyến mãi,1,1,0.0
E01009,PH0447,2024-12-02,Email,Nhắc đặt lại,1,1,1261000.0
E01010,PH0461,2023-02-17,Zalo,Khuyến mãi,0,0,247000.0
E01011,PH0584,30/04/2024,Call,Thăm trình dược,0,0,1401000.0
E01012,PH0075,2024-12-29,Email,Thăm trình dược,1,0,0.0
E01013,PH0762,2025-07-14,Email,Hàng mới,1,0,175000.0
E01014,PH0640,2025-07-12,Email,Nhắc đặt lại,1,0,0.0
E01015,PH0227,2024-03-07,Email,Hàng mới,1,0,925000.0
E01016,PH0658,2022-12-24,Sales rep,,1,1,1362000.0
E01017,PH0397,2024-09-02,Call,Khuyến mãi,1,0,1630000.0
E01018,PH0184,2024-03-08,Sales rep,Hàng mới,1,0,0.0
E01019,PH0431,2021-08-28,Email,Nhắc đặt lại,1,1,299000.0
E01020,PH0282,2025-05-09,Call,Thăm trình dược,0,0,0.0
E01021,PH0432,2023-06-02,Sales rep,Hàng mới,0,0,1403000.0
E01022,PH0533,2023-06-14,Zalo,Nhắc đặt lại,1,1,1439000.0
E01023,PH0268,2025-03-19,Zalo,Khuyến mãi,1,0,978000.0
E01024,PH0282,16/06/2025,Call,Hàng mới,1,0,323000.0
E01025,PH0483,01-17-2025,Call,Khuyến mãi,0,0,201000.0
E01026,PH0632,2025-04-27,Sales rep,Hàng mới,1,0,0.0
E01027,PH0070,2021-04-11,Sales rep,Khuyến mãi,1,1,0.0
E01028,PH0443,2025-12-21,Zalo,Hàng mới,1,0,1765000.0
E01029,PH0066,2024-07-23,,Thăm trình dược,1,0,0.0
E01030,PH0777,11-28-2023,,Nhắc đặt lại,0,0,0.0
E01031,PH0492,2025-10-29,Zalo,Thăm trình dược,0,0,0.0
E01032,PH0444,2023-07-24,Zalo,Hàng mới,1,0,0.0
E01033,PH0661,17/08/2025,Call,Khuyến mãi,1,0,735000.0
E01034,PH0351,12-24-2024,Zalo,Hàng mới,1,1,550000.0
E01035,PH0213,2025-01-11,Zalo,Nhắc đặt lại,0,0,0.0
E01036,PH0367,2025-08-23,Sales rep,Hàng mới,0,0,8000.0
E01037,PH0333,2024-05-04,Call,Khuyến mãi,0,0,0.0
E01038,PH0118,2023-03-09,Zalo,Thăm trình dược,0,0,1254000.0
E01039,PH0095,2022-09-29,Email,Khuyến mãi,1,0,1050000.0
E01040,PH0069,2025-09-27,Zalo,,1,1,0.0
E01041,PH0334,2025-03-06,Sales rep,Thăm trình dược,1,0,0.0
E01042,PH0631,04/10/2024,Sales rep,Khuyến mãi,1,1,905000.0
E01043,PH0640,2024-07-25,Sales rep,Thăm trình dược,0,1,685000.0
E01044,PH0125,2025-08-30,Sales rep,Thăm trình dược,0,0,0.0
E01045,PH0400,2024-08-26,Sales rep,Nhắc đặt lại,1,0,0.0
E01046,PH0779,2025-12-04,Call,Khuyến mãi,1,0,
E01047,PH0234,2025-04-17,Zalo,,1,0,0.0
E01048,PH0681,2024-03-09,Email,Nhắc đặt lại,1,1,842000.0
E01049,PH0396,2024-08-02,Call,Nhắc đặt lại,0,0,882000.0
E01050,PH0734,2025-10-11,Sales rep,Nhắc đặt lại,1,0,732000.0
E01051,PH0171,2021-01-12,Email,Khuyến mãi,0,0,0.0
E01052,PH0427,2024-10-31,Call,Thăm trình dược,0,0,
E01053,PH0199,2024-10-25,Zalo,Hàng mới,0,0,1871000.0
E01054,PH0212,2025-12-15,Call,Khuyến mãi,Yes,1,
E01055,PH0720,2024-06-13,Call,Khuyến mãi,0,0,64000.0
E01056,PH0794,2025-08-14,Zalo,Nhắc đặt lại,0,1,888000.0
E01057,PH0640,2024-11-07,Zalo,Hàng mới,0,0,0.0
E01058,PH0783,2024-07-22,Call,Thăm trình dược,0,0,
E01059,PH0777,2024-03-31,Email,Nhắc đặt lại,1,0,1762000.0
E01060,PH0650,2025-11-09,Zalo,Khuyến mãi,1,0,
E01061,PH0385,16/09/2025,Zalo,,0,0,963000.0
E01062,PH0003,2021-09-03,Call,Khuyến mãi,0,0,0.0
E01063,PH0034,2025-12-19,Zalo,,0,1,1407000.0
E01064,PH0506,2023-12-14,Call,Khuyến mãi,1,0,0.0
E01065,PH0214,2025-01-17,Email,Thăm trình dược,1,1,0.0
E01066,PH0604,2025-09-27,Zalo,Hàng mới,0,0,1357000.0
E01067,PH0586,2022-05-07,Email,,0,0,1945000.0
E01068,PH0219,2024-11-01,Sales rep,Thăm trình dược,0,0,57000.0
E01069,PH0374,05/04/2022,Zalo,Khuyến mãi,0,0,1456000.0
E01070,PH0408,11-07-2025,Sales rep,Thăm trình dược,1,0,538000.0
E01071,PH0417,28/05/2023,Sales rep,Nhắc đặt lại,1,1,0.0
E01072,PH0734,2025-11-04,Call,Nhắc đặt lại,0,0,1519000.0
E01073,PH0645,2023-03-10,Email,Thăm trình dược,1,0,403000.0
E01074,PH0457,2024-11-03,Zalo,Nhắc đặt lại,1,1,1209000.0
E01075,PH0139,2020-03-26,Call,Khuyến mãi,1,0,970000.0
E01076,PH0343,08-08-2025,Zalo,,1,0,0.0
E01077,PH0609,2020-12-23,Email,Khuyến mãi,1,1,879000.0
E01078,PH0771,2024-07-13,Sales rep,Khuyến mãi,1,0,1626000.0
E01079,PH0665,2020-09-06,Call,Thăm trình dược,1,0,1020000.0
E01080,PH0731,2025-07-21,Email,Nhắc đặt lại,0,0,19000.0
E01081,PH0370,2024-10-14,,Khuyến mãi,1,1,1117000.0
E01082,PH0514,2024-04-25,Zalo,Hàng mới,1,1,0.0
E01083,PH0505,2023-02-24,Email,Nhắc đặt lại,1,1,349000.0
E01084,PH0630,2023-12-25,Pigeon,Hàng mới,1,0,1528000.0
E01085,PH0018,2022-08-15,Sales rep,Thăm trình dược,1,0,
E01086,PH0192,2024-01-03,Call,Hàng mới,0,0,1757000.0
E01087,PH0136,2024-03-30,Zalo,Khuyến mãi,1,0,1609000.0
E01088,PH0410,05/06/2022,Call,Thăm trình dược,1,0,686000.0
E01089,PH0465,2025-10-16,Call,Thăm trình dược,0,0,1184000.0
E01090,PH0595,2024-01-23,Email,Nhắc đặt lại,0,0,1011000.0
E01091,PH0177,2025-12-15,Call,Khuyến mãi,1,1,
E01092,PH0237,2025-11-24,Sales rep,Hàng mới,0,0,1525000.0
E01093,PH0754,2025-05-17,Sales rep,Nhắc đặt lại,0,0,0.0
E01094,PH0401,2025-08-30,Call,Hàng mới,0,0,1409000.0
E01095,PH0730,2025-10-23,Sales rep,Nhắc đặt lại,1,0,0.0
E01096,PH0624,2024-12-23,,Thăm trình dược,1,0,634000.0
E01097,PH0245,2025-07-29,Call,Hàng mới,1,1,586000.0
E01098,PH0733,09-23-2022,Zalo,Hàng mới,1,0,1086000.0
E01099,PH0146,2025-06-29,Call,Hàng mới,1,0,0.0
E01100,PH0518,03-30-2025,Sales rep,Nhắc đặt lại,1,0,407000.0
E01101,PH0428,13/09/2025,Call,Thăm trình dược,1,0,519000.0
E01102,PH0056,2022-03-25,Email,Khuyến mãi,1,1,1067000.0
E01103,PH0291,2025-02-06,Zalo,Hàng mới,TRUE,0,0.0
E01104,PH0691,2025-12-30,Sales rep,Khuyến mãi,1,0,1124000.0
E01105,PH0138,19/01/2025,Sales rep,Thăm trình dược,0,0,75000.0
E01106,PH0681,2023-05-07,Call,Nhắc đặt lại,0,0,1493000.0
E01107,PH0429,16/09/2021,Zalo,Thăm trình dược,1,1,582000.0
E01108,PH0334,2025-01-08,Sales rep,Thăm trình dược,1,0,
E01109,PH0443,2025-08-11,Email,Hàng mới,0,0,656000.0
E01110,PH0650,08/12/2025,Call,Thăm trình dược,0,0,1529000.0
E01111,PH0141,08/05/2024,Zalo,Hàng mới,1,0,0.0
E01112,PH0010,2022-12-11,Sales rep,Nhắc đặt lại,0,0,993000.0
E01113,PH0127,2020-04-10,Sales rep,Khuyến mãi,0,0,
E01114,PH0235,2025-10-20,Sales rep,Hàng mới,0,0,0.0
E01115,PH0061,19/10/2024,Email,Nhắc đặt lại,1,0,868000.0
E01116,PH0580,2022-11-05,Zalo,Hàng mới,0,0,1252000.0
E01117,PH0050,2021-10-06,Sales rep,Hàng mới,1,0,115000.0
E01118,PH0751,2024-01-11,Email,Nhắc đặt lại,1,0,0.0
E01119,PH0440,2025-02-22,Zalo,Hàng mới,0,0,0.0
E01120,PH0213,2024-11-01,Zalo,Nhắc đặt lại,0,0,1814000.0
E01121,PH0438,2025-05-01,Sales rep,Hàng mới,1,0,0.0
E01122,PH0539,15/09/2025,Zalo,Hàng mới,0,0,0.0
E01123,PH0655,2025-07-03,Email,Thăm trình dược,1,0,1162000.0
E01124,PH0461,2023-05-20,,Nhắc đặt lại,1,1,1203000.0
E01125,PH0172,2025-04-02,Zalo,Khuyến mãi,0,0,0.0
E01126,PH0171,2021-03-01,Call,Hàng mới,0,0,620000.0
E01127,PH0514,2022-10-12,Call,Khuyến mãi,1,0,1632000.0
E01128,PH0278,26/05/2025,Sales rep,Hàng mới,1,0,0.0
E01129,PH0548,03/03/2021,Call,Hàng mới,0,0,0.0
E01130,PH0651,2024-01-04,Email,Thăm trình dược,0,0,0.0
E01131,PH0526,01-20-2024,Call,Thăm trình dược,0,0,0.0
E01132,PH0632,20/06/2022,Sales rep,Thăm trình dược,0,0,1626000.0
E01133,PH0528,2022-06-17,Zalo,Nhắc đặt lại,0,0,0.0
E01134,PH0036,2024-03-13,Sales rep,Nhắc đặt lại,0,0,0.0
E01135,PH0720,2025-02-06,Zalo,Nhắc đặt lại,1,0,0.0
E01136,PH0643,2024-11-15,Email,Nhắc đặt lại,1,0,509000.0
E01137,PH0221,2021-12-26,Call,Thăm trình dược,0,0,0.0
E01138,PH0718,2022-09-11,Call,,0,0,1519000.0
E01139,PH0387,2024-09-01,Sales rep,Nhắc đặt lại,0,0,209000.0
E01140,PH0265,2024-07-16,Zalo,Khuyến mãi,1,0,0.0
E01141,PH0258,2025-11-11,Sales rep,Hàng mới,0,0,1922000.0
E01142,PH0368,2022-08-05,Email,Hàng mới,0,0,0.0
E01143,PH0271,2025-01-19,Sales rep,Thăm trình dược,1,1,0.0
E01144,PH0613,2020-01-08,Sales rep,Nhắc đặt lại,0,0,0.0
E01145,PH0694,2024-11-04,Call,Nhắc đặt lại,0,0,
E01146,PH0455,2024-10-29,Call,Hàng mới,0,0,0.0
E01147,PH0382,2023-12-06,,Khuyến mãi,0,0,915000.0
E01148,PH0599,06/11/2025,Call,Hàng mới,0,0,375000.0
E01149,PH0253,2022-11-07,Zalo,Khuyến mãi,TRUE,0,1641000.0
E01150,PH0503,2024-03-30,Zalo,Thăm trình dược,0,0,1431000.0
E01151,PH0687,08-25-2025,Sales rep,Thăm trình dược,1,0,0.0
E01152,PH0135,2024-12-17,Call,Nhắc đặt lại,1,0,909000.0
E01153,PH0495,12/11/2024,Call,Khuyến mãi,1,1,626000.0
E01154,PH0223,2025-05-14,Call,Nhắc đặt lại,0,0,1318000.0
E01155,PH0789,16/07/2021,Email,Khuyến mãi,1,0,0.0
E01156,PH0754,2020-10-19,Sales rep,Hàng mới,1,0,0.0
E01157,PH0032,2025-08-09,Zalo,,1,0,1131000.0
E01158,PH0674,2023-11-17,Sales rep,Nhắc đặt lại,1,1,0.0
E01159,PH0243,2024-02-17,Sales rep,Khuyến mãi,1,1,1485000.0
E01160,PH0645,2022-10-12,Call,Thăm trình dược,1,0,1725000.0
E01161,PH0391,19/09/2024,Email,Hàng mới,1,1,466000.0
E01162,PH0179,06/01/2023,Call,Khuyến mãi,0,0,1758000.0
E01163,PH0567,2024-11-03,Zalo,Khuyến mãi,1,1,984000.0
E01164,PH0132,2025-07-27,Call,Khuyến mãi,0,0,705000.0
E01165,PH0189,2025-11-29,Call,Nhắc đặt lại,1,1,0.0
E01166,PH0315,2024-06-04,Email,Khuyến mãi,0,0,0.0
E01167,PH0682,2025-08-05,Zalo,Thăm trình dược,1,0,40000.0
E01168,PH0255,13/10/2025,Email,Nhắc đặt lại,0,0,145000.0
E01169,PH0036,2025-05-30,Call,Hàng mới,0,0,1082000.0
E01170,PH0196,2023-03-20,Zalo,Nhắc đặt lại,1,1,670000.0
E01171,PH0125,2025-10-09,Sales rep,Hàng mới,0,0,250000.0
E01172,PH0273,2022-05-31,,Khuyến mãi,0,0,0.0
E01173,PH0001,2023-07-15,Call,Nhắc đặt lại,1,0,0.0
E01174,PH0271,2025-10-13,Email,Khuyến mãi,0,0,0.0
E01175,PH0165,2023-05-19,Sales rep,,1,0,0.0
E01176,PH0609,23/12/2021,Sales rep,Thăm trình dược,0,0,1961000.0
E01177,PH0489,2022-02-09,Call,Khuyến mãi,0,0,958000.0
E01178,PH0096,06-20-2025,Email,Nhắc đặt lại,0,0,260000.0
E01179,PH0721,2025-10-25,Sales rep,Khuyến mãi,1,0,1031000.0
E01180,PH0429,01/10/2021,Sales rep,Nhắc đặt lại,0,0,287000.0
E01181,PH0436,2025-06-29,Call,Khuyến mãi,1,0,0.0
E01182,PH0237,11-21-2025,Sales rep,Khuyến mãi,1,0,0.0
E01183,PH0381,2024-08-01,Email,Hàng mới,Yes,0,322000.0
E01184,PH0174,2023-06-06,Sales rep,Thăm trình dược,0,0,5000.0
E01185,PH0379,2025-03-21,Call,Nhắc đặt lại,1,1,895000.0
E01186,PH0618,2025-02-15,Call,Hàng mới,TRUE,0,0.0
E01187,PH0705,2024-09-03,Zalo,Khuyến mãi,1,1,0.0
E01188,PH0377,06-25-2025,Zalo,Thăm trình dược,1,0,0.0
E01189,PH0379,2025-03-02,Sales rep,Thăm trình dược,1,1,1254000.0
E01190,PH0288,2023-11-17,Call,Nhắc đặt lại,0,0,496000.0
E01191,PH0537,2021-01-26,Sales rep,Thăm trình dược,1,0,0.0
E01192,PH0691,2025-06-23,Zalo,Nhắc đặt lại,1,0,157000.0
E01193,PH0468,2024-12-21,,Thăm trình dược,0,0,1693000.0
E01194,PH0097,2023-02-16,Zalo,Hàng mới,1,0,1051000.0
E01195,PH0067,2025-10-14,Call,Nhắc đặt lại,1,0,181000.0
E01196,PH0165,2024-03-14,Call,Khuyến mãi,1,1,0.0
E01197,PH0328,09-28-2025,Call,Hàng mới,1,1,0.0
E01198,PH0151,2024-12-05,Email,Khuyến mãi,1,1,335000.0
E01199,PH0458,2025-10-29,Zalo,Khuyến mãi,1,1,464000.0
E01200,PH0228,2025-08-18,Email,,1,0,1727000.0
E01201,PH0006,2022-09-17,Call,Thăm trình dược,0,0,31000.0
E01202,PH0637,2024-11-28,Sales rep,,1,1,
E01203,PH0719,2025-09-05,Call,Thăm trình dược,Yes,0,1331000.0
E01204,PH0718,2025-02-06,Call,Thăm trình dược,1,1,
E01205,PH0496,05-28-2024,Email,Hàng mới,0,0,0.0
E01206,PH0068,2023-10-03,Zalo,Thăm trình dược,1,1,43000.0
E01207,PH0168,2025-03-01,Email,Khuyến mãi,1,0,0.0
E01208,PH0205,2025-10-15,Call,Nhắc đặt lại,1,0,1470000.0
E01209,PH0091,2022-06-17,Sales rep,Hàng mới,1,0,0.0
E01210,PH0517,04-25-2025,Sales rep,Khuyến mãi,1,1,0.0
E01211,PH0553,2022-04-11,Sales rep,Hàng mới,0,0,1485000.0
E01212,PH0305,2025-01-21,Pigeon,Khuyến mãi,0,0,1919000.0
E01213,PH0649,2024-03-09,Sales rep,Nhắc đặt lại,0,0,0.0
E01214,PH0491,06-22-2022,Call,Nhắc đặt lại,1,0,463000.0
E01215,PH0746,03-04-2024,Email,Khuyến mãi,1,1,797000.0
E01216,PH0763,17/09/2025,Sales rep,Thăm trình dược,0,0,372000.0
E01217,PH0266,2025-11-28,,Hàng mới,1,1,957000.0
E01218,PH0531,2025-06-25,Zalo,Khuyến mãi,1,0,1847000.0
E01219,PH0504,2022-12-31,,Khuyến mãi,0,0,0.0
E01220,PH0721,2025-06-26,Call,Thăm trình dược,1,0,
E01221,PH0490,2025-05-04,Call,Thăm trình dược,1,0,549000.0
E01222,PH0454,2025-09-15,Sales rep,Hàng mới,0,0,1454000.0
E01223,PH0586,2023-07-27,Sales rep,Nhắc đặt lại,1,0,810000.0
E01224,PH0125,2024-09-09,Email,Khuyến mãi,TRUE,0,0.0
E01225,PH0352,2022-10-01,Call,Thăm trình dược,1,0,0.0
E01226,PH0287,12/03/2022,Call,Khuyến mãi,1,1,0.0
E01227,PH0081,2025-04-01,Sales rep,Khuyến mãi,1,0,1841000.0
E01228,PH0540,2024-03-19,Email,Hàng mới,1,1,0.0
E01229,PH0153,2025-07-18,Call,Khuyến mãi,1,0,0.0
E01230,PH0357,2023-06-23,Email,Hàng mới,0,0,559000.0
E01231,PH0292,2024-01-13,Call,Khuyến mãi,0,0,1864000.0
E01232,PH0549,2025-07-01,Zalo,Hàng mới,1,0,836000.0
E01233,PH0246,2025-02-24,Sales rep,Thăm trình dược,0,0,260000.0
E01234,PH0678,2023-02-04,Email,Hàng mới,0,0,661000.0
E01235,PH0612,04-01-2024,Zalo,Khuyến mãi,0,0,563000.0
E01236,PH0062,2023-02-08,Email,,0,0,902000.0
E01237,PH0084,04/12/2025,Sales rep,Khuyến mãi,1,1,610000.0
E01238,PH0076,2022-10-30,Sales rep,Thăm trình dược,1,1,
E01239,PH0588,2025-09-26,Call,Khuyến mãi,1,1,894000.0
E01240,PH0009,2021-05-13,Sales rep,Khuyến mãi,1,1,
E01241,PH0630,2021-05-20,Sales rep,Khuyến mãi,0,0,0.0
E01242,PH0110,2025-09-26,Pigeon,Khuyến mãi,0,0,1307000.0
E01243,PH0234,17/08/2025,Email,Khuyến mãi,0,0,0.0
E01244,PH0035,2025-10-27,Call,Thăm trình dược,0,1,1860000.0
E01245,PH0694,2024-09-01,Zalo,Khuyến mãi,0,0,299000.0
E01246,PH0130,2023-12-16,,Nhắc đặt lại,1,1,1498000.0
E01247,PH0034,2025-03-13,Email,Hàng mới,0,0,1672000.0
E01248,PH0738,01/01/2025,Sales rep,Khuyến mãi,1,1,1885000.0
E01249,PH0093,2024-07-23,Email,Thăm trình dược,0,0,1125000.0
E01250,PH0302,2020-09-26,Sales rep,Thăm trình dược,1,1,1314000.0
E01251,PH0651,24/07/2024,Email,Khuyến mãi,1,0,0.0
E01252,PH0576,22/07/2023,Call,Thăm trình dược,0,0,637000.0
E01253,PH0757,2025-07-17,Email,,1,0,1715000.0
E01254,PH0484,2022-11-10,Sales rep,Hàng mới,1,1,0.0
E01255,PH0708,16/01/2025,Zalo,Nhắc đặt lại,1,1,0.0
E01256,PH0471,22/12/2025,Zalo,Thăm trình dược,0,0,0.0
E01257,PH0122,2024-01-21,Zalo,Nhắc đặt lại,0,0,0.0
E01258,PH0468,2024-12-27,Sales rep,Hàng mới,0,0,0.0
E01259,PH0645,2023-12-10,Zalo,Hàng mới,0,1,0.0
E01260,PH0255,2024-12-23,Call,Nhắc đặt lại,1,1,
E01261,PH0781,2025-12-26,Email,Khuyến mãi,0,0,256000.0
E01262,PH0571,2024-04-20,Sales rep,Nhắc đặt lại,1,0,0.0
E01263,PH0031,2025-11-21,Sales rep,Hàng mới,1,0,226000.0
E01264,PH0367,02-16-2025,Email,Thăm trình dược,0,0,695000.0
E01265,PH0684,2025-04-26,Zalo,Khuyến mãi,0,0,775000.0
E01266,PH0403,2024-02-25,Sales rep,Hàng mới,1,0,0.0
E01267,PH0051,03/10/2024,Zalo,Khuyến mãi,1,0,
E01268,PH0526,2023-09-13,Call,Hàng mới,1,1,0.0
E01269,PH0282,2025-04-29,Sales rep,Hàng mới,1,1,
E01270,PH0219,09/08/2024,Call,Hàng mới,1,0,1326000.0
E01271,PH0098,2024-03-04,Call,Khuyến mãi,1,1,396000.0
E01272,PH0676,2025-04-12,Call,Hàng mới,1,1,1762000.0
E01273,PH0760,04/06/2025,Sales rep,Khuyến mãi,1,0,1319000.0
E01274,PH0596,2025-06-02,Email,Thăm trình dược,1,0,313000.0
E01275,PH0268,2024-06-23,Email,Khuyến mãi,1,0,
E01276,PH0089,2025-06-19,Email,Nhắc đặt lại,0,0,1988000.0
E01277,PH0309,2025-07-24,Zalo,Hàng mới,0,0,596000.0
E01278,PH0345,15/12/2024,Call,Thăm trình dược,1,0,0.0
E01279,PH0591,2024-07-05,Email,Nhắc đặt lại,1,1,0.0
E01280,PH0667,17/09/2025,Sales rep,Khuyến mãi,0,0,363000.0
E01281,PH0233,2024-03-25,Call,Hàng mới,0,0,0.0
E01282,PH0420,2025-07-30,Sales rep,Hàng mới,1,0,0.0
E01283,PH0057,2022-03-21,Sales rep,Nhắc đặt lại,0,0,392000.0
E01284,PH0340,2024-01-24,Call,Nhắc đặt lại,1,1,1488000.0
E01285,PH0569,2025-05-06,Email,Hàng mới,1,1,0.0
E01286,PH0427,2022-11-25,Call,Khuyến mãi,0,0,0.0
E01287,PH0015,2024-08-19,Sales rep,Nhắc đặt lại,1,0,0.0
E01288,PH0442,2025-10-27,Sales rep,,1,1,0.0
E01289,PH0561,2025-06-19,Call,,1,0,1940000.0
E01290,PH0016,2025-07-25,Call,Nhắc đặt lại,1,1,0.0
E01291,PH0478,2025-07-16,Call,Khuyến mãi,0,0,0.0
E01292,PH0636,2025-04-17,Email,Hàng mới,1,0,0.0
E01293,PH0536,2025-07-31,Email,Hàng mới,0,0,0.0
E01294,PH0087,2022-01-12,Zalo,Nhắc đặt lại,1,1,1280000.0
E01295,PH0658,2024-12-17,Sales rep,Thăm trình dược,1,1,
E01296,PH0171,2022-08-27,Zalo,Thăm trình dược,1,1,943000.0
E01297,PH0281,2025-02-26,Sales rep,Nhắc đặt lại,0,0,
E01298,PH0511,2025-01-28,Zalo,Khuyến mãi,0,0,0.0
E01299,PH0621,2023-03-05,Call,Khuyến mãi,0,0,1802000.0
E01300,PH0525,24/10/2025,Sales rep,Nhắc đặt lại,1,0,1785000.0
E01301,PH0736,2025-02-07,Sales rep,Hàng mới,1,1,1464000.0
E01302,PH0445,2025-11-01,Sales rep,Nhắc đặt lại,1,0,
E01303,PH0751,2025-04-28,Call,,1,1,711000.0
E01304,PH0425,10-31-2024,Email,Khuyến mãi,1,1,1962000.0
E01305,PH0510,2024-10-30,Email,Nhắc đặt lại,0,0,
E01306,PH0031,11-20-2025,Call,Hàng mới,0,0,1133000.0
E01307,PH0658,2022-07-16,Email,Khuyến mãi,1,0,0.0
E01308,PH0619,2023-07-18,Email,Khuyến mãi,1,1,1200000.0
E01309,PH0294,2021-05-26,Zalo,,TRUE,0,581000.0
E01310,PH0524,28/05/2024,Email,Thăm trình dược,0,0,0.0
E01311,PH0513,2023-01-13,Sales rep,Nhắc đặt lại,0,0,208000.0
E01312,PH0240,2024-09-09,Sales rep,Khuyến mãi,1,0,
E01313,PH0314,2025-10-17,Email,Khuyến mãi,0,0,0.0
E01314,PH0132,02-21-2025,Email,Hàng mới,1,0,0.0
E01315,PH0125,2025-02-22,Zalo,Khuyến mãi,0,0,1979000.0
E01316,PH0550,2025-07-19,Zalo,,1,0,155000.0
E01317,PH0761,2025-02-28,Zalo,Khuyến mãi,0,0,0.0
E01318,PH0172,2025-10-04,Email,,0,0,289000.0
E01319,PH0642,24/06/2023,Call,,0,0,0.0
E01320,PH0538,2023-11-05,Call,Hàng mới,0,0,0.0
E01321,PH0267,2025-06-16,Email,Khuyến mãi,1,0,1589000.0
E01322,PH0610,2025-05-12,Sales rep,Hàng mới,1,1,1423000.0
E01323,PH0173,2025-01-30,Call,Khuyến mãi,0,0,325000.0
E01324,PH0631,2024-11-22,Sales rep,Nhắc đặt lại,0,0,0.0
E01325,PH0641,2025-11-24,Email,Thăm trình dược,1,0,0.0
E01326,PH0403,26/10/2024,Call,Nhắc đặt lại,0,0,288000.0
E01327,PH0458,2025-12-10,Sales rep,Thăm trình dược,0,0,1774000.0
E01328,PH0496,25/02/2025,Call,Khuyến mãi,1,1,970000.0
E01329,PH0782,02-10-2021,Zalo,Nhắc đặt lại,1,1,1087000.0
E01330,PH0703,05-23-2025,Call,Hàng mới,Yes,0,271000.0
E01331,PH0064,2024-03-24,Zalo,Hàng mới,1,1,0.0
E01332,PH0198,2022-09-17,Call,Thăm trình dược,0,0,0.0
E01333,PH0329,2025-05-12,Sales rep,Hàng mới,1,0,0.0
E01334,PH0153,2025-08-26,Sales rep,Thăm trình dược,1,0,1241000.0
E01335,PH0656,2025-04-10,Zalo,Nhắc đặt lại,0,0,403000.0
E01336,PH0326,2024-10-10,Sales rep,Thăm trình dược,1,0,469000.0
E01337,PH0124,2024-12-10,Zalo,Nhắc đặt lại,1,1,559000.0
E01338,PH0202,2023-05-19,Call,Nhắc đặt lại,0,0,0.0
E01339,PH0227,2025-11-23,Zalo,Thăm trình dược,0,0,832000.0
E01340,PH0100,2021-02-23,Call,Khuyến mãi,0,0,0.0
E01341,PH0153,2023-06-29,Sales rep,Khuyến mãi,1,1,0.0
E01342,PH0229,2024-02-10,Email,Thăm trình dược,1,1,1411000.0
E01343,PH0745,2024-12-25,Call,Nhắc đặt lại,1,1,0.0
E01344,PH0637,2025-05-02,Email,Khuyến mãi,0,0,166000.0
E01345,PH0394,25/11/2022,Zalo,Khuyến mãi,1,1,0.0
E01346,PH0501,2025-02-16,Email,Thăm trình dược,1,0,1169000.0
E01347,PH0150,24/06/2023,Email,Thăm trình dược,1,0,
E01348,PH0676,27/02/2025,Call,Thăm trình dược,0,0,390000.0
E01349,PH0211,2022-08-12,Email,Nhắc đặt lại,0,0,0.0
E01350,PH0219,2022-01-12,,Nhắc đặt lại,0,0,1832000.0
E01351,PH0284,07/03/2025,Call,Nhắc đặt lại,1,1,865000.0
E01352,PH0615,2023-03-15,Zalo,Khuyến mãi,1,1,0.0
E01353,PH0620,12-18-2021,,Hàng mới,0,0,382000.0
E01354,PH0745,2023-07-28,Sales rep,Khuyến mãi,0,0,0.0
E01355,PH0331,2025-04-11,Call,Hàng mới,1,0,0.0
E01356,PH0304,19/07/2022,Email,Thăm trình dược,1,0,409000.0
E01357,PH0147,07-12-2024,Zalo,Nhắc đặt lại,1,0,588000.0
E01358,PH0522,03/08/2025,Zalo,Thăm trình dược,1,1,550000.0
E01359,PH0706,04-27-2023,Email,Thăm trình dược,1,1,0.0
E01360,PH0139,2022-02-22,Email,Khuyến mãi,1,1,850000.0
E01361,PH0575,2025-11-22,Sales rep,Nhắc đặt lại,0,0,1474000.0
E01362,PH0221,2021-08-08,Call,Hàng mới,0,0,0.0
E01363,PH0622,2025-08-06,Sales rep,Hàng mới,1,0,1528000.0
E01364,PH0254,2025-07-09,Sales rep,Hàng mới,1,0,0.0
E01365,PH0610,2025-10-05,Sales rep,Khuyến mãi,0,0,71000.0
E01366,PH0203,2023-07-17,Email,Hàng mới,1,1,0.0
E01367,PH0695,2025-03-17,Zalo,Hàng mới,1,1,0.0
E01368,PH0202,2024-08-26,Pigeon,Nhắc đặt lại,1,1,0.0
E01369,PH0654,2025-11-28,Call,Hàng mới,1,0,1357000.0
E01370,PH0605,2021-10-21,Sales rep,Thăm trình dược,0,0,806000.0
E01371,PH0267,2025-04-20,Zalo,Khuyến mãi,1,1,1168000.0
E01372,PH0376,2025-04-30,Sales rep,Khuyến mãi,0,0,0.0
E01373,PH0290,2025-07-05,Email,Nhắc đặt lại,0,0,97000.0
E01374,PH0781,2025-12-07,Call,Hàng mới,1,0,0.0
E01375,PH0508,2025-02-18,Zalo,Nhắc đặt lại,1,0,
E01376,PH0623,2025-06-09,Call,Thăm trình dược,0,0,1667000.0
E01377,PH0088,2024-12-15,Call,Nhắc đặt lại,0,0,0.0
E01378,PH0496,2024-03-17,Call,Nhắc đặt lại,1,1,1113000.0
E01379,PH0483,2021-08-25,Call,Nhắc đặt lại,0,0,0.0
E01380,PH0491,2025-12-30,Zalo,Thăm trình dược,1,1,0.0
E01381,PH0554,2024-08-05,Zalo,Nhắc đặt lại,1,1,1857000.0
E01382,PH0677,2023-12-10,Zalo,Thăm trình dược,0,0,996000.0
E01383,PH0299,03-13-2024,Email,Thăm trình dược,1,0,0.0
E01384,PH0105,05-25-2025,Pigeon,Hàng mới,0,0,0.0
E01385,PH0280,2025-09-06,Email,Thăm trình dược,1,0,0.0
E01386,PH0409,2024-12-27,Call,Thăm trình dược,0,0,0.0
E01387,PH0248,2022-04-19,Zalo,Thăm trình dược,0,0,1973000.0
E01388,PH0715,2024-05-31,Sales rep,Khuyến mãi,1,1,0.0
E01389,PH0569,01/08/2025,Pigeon,Nhắc đặt lại,1,0,0.0
E01390,PH0324,2025-08-13,Email,Khuyến mãi,0,0,0.0
E01391,PH0564,2024-08-11,Sales rep,Khuyến mãi,1,1,728000.0
E01392,PH0209,2020-11-03,Sales rep,Khuyến mãi,1,1,0.0
E01393,PH0363,2025-07-11,Call,Khuyến mãi,0,1,447000.0
E01394,PH0279,2025-04-19,Call,Hàng mới,1,1,0.0
E01395,PH0411,2024-11-07,Zalo,Thăm trình dược,1,0,285000.0
E01396,PH0091,31/01/2023,Zalo,Nhắc đặt lại,0,0,0.0
E01397,PH0280,2025-01-24,Call,Thăm trình dược,0,0,557000.0
E01398,PH0129,05/03/2025,Sales rep,Hàng mới,1,0,0.0
E01399,PH0570,2025-04-11,Sales rep,Nhắc đặt lại,0,0,894000.0
E01400,PH0152,2024-12-14,,Nhắc đặt lại,1,0,1568000.0
E01401,PH0443,2025-04-13,Call,Khuyến mãi,1,0,1143000.0
E01402,PH0584,2024-08-04,Zalo,Hàng mới,0,0,0.0
E01403,PH0747,2023-11-16,Zalo,Thăm trình dược,1,1,236000.0
E01404,PH0270,2024-05-02,Zalo,Khuyến mãi,0,0,0.0
E01405,PH0144,2025-07-31,Email,Thăm trình dược,1,0,1609000.0
E01406,PH0145,2025-12-18,Sales rep,Khuyến mãi,0,1,0.0
E01407,PH0439,2024-03-13,Zalo,Khuyến mãi,0,0,1075000.0
E01408,PH0721,22/11/2024,Sales rep,Hàng mới,0,0,1705000.0
E01409,PH0529,2024-08-02,Zalo,Nhắc đặt lại,1,1,0.0
E01410,PH0123,2025-09-25,Zalo,Khuyến mãi,0,0,1381000.0
E01411,PH0088,08-07-2021,Call,Thăm trình dược,1,0,0.0
E01412,PH0229,2025-09-13,Call,Nhắc đặt lại,1,0,1258000.0
E01413,PH0697,2025-08-20,Email,Khuyến mãi,0,0,543000.0
E01414,PH0516,2025-04-22,Pigeon,Hàng mới,1,0,703000.0
E01415,PH0061,2025-07-05,Email,Thăm trình dược,1,0,909000.0
E01416,PH0445,2025-04-08,Sales rep,Thăm trình dược,1,1,
E01417,PH0021,2025-05-29,,Nhắc đặt lại,0,0,1932000.0
E01418,PH0054,09/12/2025,Zalo,Khuyến mãi,0,0,0.0
E01419,PH0359,07-10-2025,Zalo,Hàng mới,1,1,0.0
E01420,PH0208,2021-02-05,Zalo,Nhắc đặt lại,0,0,0.0
E01421,PH0723,12-08-2025,Call,Thăm trình dược,0,0,1833000.0
E01422,PH0175,2025-02-04,Sales rep,Nhắc đặt lại,0,0,46000.0
E01423,PH0084,2024-12-18,Sales rep,Khuyến mãi,1,0,300000.0
E01424,PH0274,07-04-2023,Sales rep,,1,1,55000.0
E01425,PH0004,2025-02-16,Sales rep,Khuyến mãi,0,0,1338000.0
E01426,PH0033,2023-11-08,Zalo,Thăm trình dược,0,0,1337000.0
E01427,PH0166,2023-05-04,Email,Nhắc đặt lại,1,0,1572000.0
E01428,PH0220,2022-06-08,Email,Thăm trình dược,1,1,0.0
E01429,PH0012,2025-08-14,Call,Hàng mới,1,1,0.0
E01430,PH0208,2023-07-18,Call,Khuyến mãi,0,0,247000.0
E01431,PH0445,2025-08-25,Email,Hàng mới,0,0,1448000.0
E01432,PH0003,2023-09-19,Email,,1,0,0.0
E01433,PH0022,2025-07-05,Sales rep,Nhắc đặt lại,0,0,712000.0
E01434,PH0775,2024-11-09,Zalo,Khuyến mãi,0,0,1035000.0
E01435,PH0514,2024-05-20,Call,Thăm trình dược,1,1,0.0
E01436,PH0740,2025-07-07,Email,Thăm trình dược,1,0,
E01437,PH0470,2023-08-05,Call,Nhắc đặt lại,0,0,0.0
E01438,PH0343,2023-02-18,Sales rep,Thăm trình dược,0,0,1291000.0
E01439,PH0577,2025-07-03,Call,Nhắc đặt lại,0,0,1933000.0
E01440,PH0618,11/10/2025,Call,Khuyến mãi,1,1,1054000.0
E01441,PH0695,2024-03-10,Zalo,Nhắc đặt lại,1,1,0.0
E01442,PH0288,10-21-2024,Call,Khuyến mãi,1,1,720000.0
E01443,PH0393,2024-07-04,Zalo,Hàng mới,1,1,0.0
E01444,PH0601,2025-04-02,,Khuyến mãi,0,0,132000.0
E01445,PH0045,2021-10-14,Sales rep,Khuyến mãi,1,0,1537000.0
E01446,PH0549,2024-07-01,Call,Nhắc đặt lại,1,1,1707000.0
E01447,PH0776,2023-12-28,Email,Nhắc đặt lại,0,0,970000.0
E01448,PH0690,2025-04-13,Call,Khuyến mãi,1,1,0.0
E01449,PH0251,2025-07-05,,Nhắc đặt lại,0,0,0.0
E01450,PH0281,07-07-2025,Sales rep,,0,0,0.0
E01451,PH0102,2024-06-25,Email,Nhắc đặt lại,0,0,0.0
E01452,PH0581,2022-04-29,Call,Hàng mới,0,0,630000.0
E01453,PH0358,2025-07-19,Email,Hàng mới,1,1,
E01454,PH0654,2025-09-01,Call,Khuyến mãi,0,0,327000.0
E01455,PH0295,2024-11-29,Call,Thăm trình dược,1,0,0.0
E01456,PH0283,2023-03-27,Zalo,Hàng mới,0,0,1985000.0
E01457,PH0339,2022-11-15,Email,Thăm trình dược,1,0,132000.0
E01458,PH0581,2024-05-10,Call,Nhắc đặt lại,0,0,0.0
E01459,PH0210,2021-11-18,Zalo,Nhắc đặt lại,0,0,1566000.0
E01460,PH0112,2025-09-22,Email,Nhắc đặt lại,0,0,7000.0
E01461,PH0604,2023-06-05,Email,Nhắc đặt lại,0,0,0.0
E01462,PH0118,08-08-2021,Sales rep,Nhắc đặt lại,0,0,1167000.0
E01463,PH0411,2023-04-16,Call,Hàng mới,1,0,
E01464,PH0606,2025-12-24,Zalo,Hàng mới,1,0,0.0
E01465,PH0535,06-29-2024,Zalo,Hàng mới,1,1,0.0
E01466,PH0419,2025-12-13,Email,Thăm trình dược,1,0,742000.0
E01467,PH0608,2024-05-26,Email,Nhắc đặt lại,1,0,1855000.0
E01468,PH0387,2024-06-30,Call,Khuyến mãi,0,0,1311000.0
E01469,PH0303,2025-08-28,Email,Thăm trình dược,0,0,185000.0
E01470,PH0580,2024-11-30,Email,Hàng mới,1,1,0.0
E01471,PH0007,2025-06-17,Sales rep,Nhắc đặt lại,0,0,1761000.0
E01472,PH0349,2025-08-29,Zalo,Hàng mới,0,0,366000.0
E01473,PH0712,2024-10-23,Call,Nhắc đặt lại,0,0,420000.0
E01474,PH0543,2025-03-09,Sales rep,Thăm trình dược,1,1,0.0
E01475,PH0249,2025-10-10,Email,Nhắc đặt lại,0,0,1568000.0
E01476,PH0304,2023-10-15,Call,Nhắc đặt lại,0,0,223000.0
E01477,PH0236,2025-12-11,Sales rep,,0,0,207000.0
E01478,PH0484,2023-02-20,Zalo,Nhắc đặt lại,0,0,0.0
E01479,PH0288,24/05/2025,,Hàng mới,1,1,
E01480,PH0376,2025-08-25,Sales rep,Thăm trình dược,1,1,589000.0
E01481,PH0579,2025-03-06,Sales rep,Khuyến mãi,1,0,0.0
E01482,PH0396,2022-07-02,Sales rep,Nhắc đặt lại,1,1,0.0
E01483,PH0111,2024-12-20,Sales rep,Hàng mới,0,0,
E01484,PH0391,04-01-2025,Call,,0,0,115000.0
E01485,PH0214,2023-11-01,Sales rep,Nhắc đặt lại,1,0,0.0
E01486,PH0662,12-26-2025,Sales rep,Thăm trình dược,0,0,981000.0
E01487,PH0428,03/03/2025,Zalo,Khuyến mãi,0,0,1541000.0
E01488,PH0745,30/10/2022,Zalo,Khuyến mãi,1,1,1541000.0
E01489,PH0012,09/07/2025,Zalo,Hàng mới,0,0,522000.0
E01490,PH0122,2022-02-14,Email,Nhắc đặt lại,1,1,0.0
E01491,PH0400,2024-06-01,Zalo,Nhắc đặt lại,1,0,709000.0
E01492,PH0578,2025-07-16,Sales rep,Nhắc đặt lại,1,1,1400000.0
E01493,PH0504,2022-11-27,Zalo,Thăm trình dược,1,1,1169000.0
E01494,PH0381,2025-10-13,Email,Nhắc đặt lại,1,0,0.0
E01495,PH0523,2021-09-17,Sales rep,Hàng mới,0,0,1418000.0
E01496,PH0282,10/08/2025,Email,Thăm trình dược,1,0,249000.0
E01497,PH0780,2025-12-04,Sales rep,Thăm trình dược,1,0,0.0
E01498,PH0609,2023-02-22,,Nhắc đặt lại,0,0,1195000.0
E01499,PH0787,2025-03-14,Call,Thăm trình dược,0,0,0.0
E01500,PH0328,2024-06-16,Sales rep,Nhắc đặt lại,0,0,1797000.0
E01501,PH0576,2024-08-16,Pigeon,Khuyến mãi,0,0,0.0
E01502,PH0728,02-16-2025,Call,Khuyến mãi,0,0,0.0
E01503,PH0712,2025-11-04,Zalo,Nhắc đặt lại,1,1,0.0
E01504,PH0376,2025-11-16,Call,Hàng mới,0,0,284000.0
E01505,PH0044,2024-04-04,Call,Khuyến mãi,0,0,1258000.0
E01506,PH0097,27/07/2024,Sales rep,Khuyến mãi,1,0,1063000.0
E01507,PH0556,2025-12-17,Pigeon,Thăm trình dược,0,0,0.0
E01508,PH0170,2025-01-24,Zalo,Thăm trình dược,0,0,443000.0
E01509,PH0728,02/05/2024,Sales rep,,1,1,1759000.0
E01510,PH0081,04-28-2025,Zalo,Nhắc đặt lại,0,0,0.0
E01511,PH0422,2024-12-26,Zalo,Hàng mới,1,1,1674000.0
E01512,PH0673,2024-03-22,Pigeon,Thăm trình dược,0,0,1608000.0
E01513,PH0707,2022-03-26,Sales rep,Nhắc đặt lại,Yes,0,
E01514,PH0014,2023-09-02,Sales rep,Khuyến mãi,0,0,0.0
E01515,PH0088,2023-01-30,Call,Thăm trình dược,0,0,
E01516,PH0720,2025-05-20,Zalo,Khuyến mãi,0,0,645000.0
E01517,PH0644,08/08/2023,Email,Hàng mới,1,1,0.0
E01518,PH0259,2024-07-27,Email,,1,1,989000.0
E01519,PH0236,2024-10-08,Sales rep,Nhắc đặt lại,1,0,0.0
E01520,PH0781,2025-05-28,Sales rep,Nhắc đặt lại,1,0,0.0
E01521,PH0498,10-24-2025,Email,Thăm trình dược,1,1,936000.0
E01522,PH0377,02-02-2025,Sales rep,Nhắc đặt lại,0,0,0.0
E01523,PH0213,2025-05-22,Call,Thăm trình dược,1,0,1054000.0
E01524,PH0275,2025-10-13,Zalo,,1,1,0.0
E01525,PH0446,06-23-2025,Sales rep,Hàng mới,1,1,0.0
E01526,PH0429,2023-02-07,Zalo,Thăm trình dược,0,0,1489000.0
E01527,PH0436,2024-08-10,Sales rep,Hàng mới,1,0,0.0
E01528,PH0563,2023-04-30,Zalo,Nhắc đặt lại,1,1,0.0
E01529,PH0203,2023-02-06,Pigeon,Hàng mới,1,1,0.0
E01530,PH0542,2023-08-25,Sales rep,Thăm trình dược,0,0,0.0
E01531,PH0427,2023-10-14,Email,Khuyến mãi,1,1,0.0
E01532,PH0330,06-06-2022,Email,Nhắc đặt lại,1,0,0.0
E01533,PH0531,2025-07-19,Sales rep,Nhắc đặt lại,0,0,0.0
E01534,PH0166,2021-01-27,Email,Nhắc đặt lại,1,0,0.0
E01535,PH0246,2025-01-10,Call,Khuyến mãi,1,0,1877000.0
E01536,PH0101,2024-11-14,Email,Khuyến mãi,0,0,1385000.0
E01537,PH0497,2025-12-02,Sales rep,Nhắc đặt lại,1,1,232000.0
E01538,PH0503,17/10/2024,,Hàng mới,0,0,373000.0
E01539,PH0235,2022-09-26,Email,Thăm trình dược,1,1,1573000.0
E01540,PH0551,2025-07-26,Sales rep,,1,0,907000.0
E01541,PH0794,31/05/2025,Sales rep,Thăm trình dược,0,0,0.0
E01542,PH0105,2024-07-22,Call,Khuyến mãi,0,0,1256000.0
E01543,PH0038,2025-01-04,Zalo,Khuyến mãi,1,0,0.0
E01544,PH0253,2023-12-25,Email,Hàng mới,1,0,0.0
E01545,PH0371,2021-10-18,Call,Hàng mới,0,0,
E01546,PH0130,2025-09-06,Sales rep,Hàng mới,TRUE,0,0.0
E01547,PH0091,2025-03-03,Call,Hàng mới,1,0,1236000.0
E01548,PH0144,2023-08-26,Email,Nhắc đặt lại,0,0,0.0
E01549,PH0439,2025-12-02,Email,,0,0,1728000.0
E01550,PH0631,2025-11-30,Sales rep,Thăm trình dược,1,1,1334000.0
E01551,PH0066,2023-05-17,Call,Khuyến mãi,1,0,1292000.0
E01552,PH0500,10/12/2024,Sales rep,Nhắc đặt lại,0,1,1835000.0
E01553,PH0108,14/08/2025,Zalo,Khuyến mãi,0,0,1379000.0
E01554,PH0511,2025-04-22,Call,Nhắc đặt lại,1,0,0.0
E01555,PH0396,17/06/2024,Zalo,Nhắc đặt lại,1,0,0.0
E01556,PH0508,2023-09-05,Email,Thăm trình dược,0,0,0.0
E01557,PH0246,2024-01-02,Call,Khuyến mãi,0,0,
E01558,PH0149,2024-05-17,Zalo,Nhắc đặt lại,1,0,0.0
E01559,PH0272,2021-09-22,Call,Nhắc đặt lại,0,0,1864000.0
E01560,PH0007,2023-04-18,Zalo,Khuyến mãi,1,0,
E01561,PH0765,2024-12-11,Call,Nhắc đặt lại,0,0,676000.0
E01562,PH0443,2025-10-28,Sales rep,Khuyến mãi,0,0,1119000.0
E01563,PH0531,2025-03-13,,Khuyến mãi,1,0,0.0
E01564,PH0372,2025-07-06,Email,Thăm trình dược,1,1,0.0
E01565,PH0260,2023-06-09,Sales rep,Thăm trình dược,0,0,0.0
E01566,PH0171,26/10/2023,Zalo,Thăm trình dược,1,0,58000.0
E01567,PH0326,2024-06-18,Email,Nhắc đặt lại,1,1,1271000.0
E01568,PH0425,2024-07-17,Call,Hàng mới,1,0,0.0
E01569,PH0212,2024-04-10,Zalo,Khuyến mãi,0,0,0.0
E01570,PH0431,2023-12-10,,Thăm trình dược,1,0,468000.0
E01571,PH0169,2023-10-19,Sales rep,Nhắc đặt lại,0,0,1606000.0
E01572,PH0446,2024-09-08,Email,Thăm trình dược,0,0,955000.0
E01573,PH0619,2024-08-04,Zalo,Hàng mới,1,0,0.0
E01574,PH0033,2025-03-23,Zalo,Thăm trình dược,0,0,523000.0
E01575,PH0311,2025-01-28,Zalo,Nhắc đặt lại,0,0,0.0
E01576,PH0035,2025-03-24,Email,Hàng mới,0,0,0.0
E01577,PH0523,2022-08-11,Zalo,Nhắc đặt lại,0,0,0.0
E01578,PH0336,2025-01-07,Zalo,Hàng mới,1,1,0.0
E01579,PH0741,2025-07-19,Call,Thăm trình dược,0,0,932000.0
E01580,PH0318,2025-08-30,Zalo,Hàng mới,1,0,704000.0
E01581,PH0319,2025-01-06,Zalo,Hàng mới,0,0,0.0
E01582,PH0599,2025-07-26,Call,Thăm trình dược,0,0,962000.0
E01583,PH0326,10-02-2025,Sales rep,Khuyến mãi,0,0,0.0
E01584,PH0080,2025-12-20,Sales rep,Khuyến mãi,1,0,1601000.0
E01585,PH0673,04-21-2022,Call,Hàng mới,1,0,1530000.0
E01586,PH0452,2025-01-04,Email,Nhắc đặt lại,1,0,381000.0
E01587,PH0336,2025-06-11,Sales rep,Thăm trình dược,1,1,889000.0
E01588,PH0791,2025-08-13,Call,Hàng mới,1,1,1795000.0
E01589,PH0244,2023-08-17,Sales rep,Khuyến mãi,1,1,1822000.0
E01590,PH0104,2022-09-20,Call,,1,0,
E01591,PH0078,2025-12-04,Zalo,Thăm trình dược,TRUE,0,1274000.0
E01592,PH0181,2023-02-26,Email,Hàng mới,1,0,0.0
E01593,PH0765,2024-06-22,Call,Thăm trình dược,0,0,691000.0
E01594,PH0414,02/04/2023,Zalo,Hàng mới,1,1,0.0
E01595,PH0098,2025-04-03,Zalo,Hàng mới,1,1,0.0
E01596,PH0671,2025-01-31,Call,,1,1,0.0
E01597,PH0198,2024-04-07,Email,Nhắc đặt lại,1,0,
E01598,PH0463,09-11-2025,Call,Khuyến mãi,1,0,0.0
E01599,PH0565,2025-10-20,Call,Thăm trình dược,0,0,448000.0
E01600,PH0327,2025-06-14,,Thăm trình dược,0,0,1214000.0
E01601,PH0780,2025-03-24,Call,Khuyến mãi,0,0,400000.0
E01602,PH0614,2025-09-04,Email,Khuyến mãi,1,1,0.0
E01603,PH0085,2025-12-17,Email,Nhắc đặt lại,0,0,
E01604,PH0661,2025-05-05,Call,Nhắc đặt lại,0,0,478000.0
E01605,PH0324,05-02-2023,Sales rep,Hàng mới,1,0,0.0
E01606,PH0424,2023-05-05,Email,Khuyến mãi,1,1,0.0
E01607,PH0184,04-18-2024,Call,Hàng mới,0,0,765000.0
E01608,PH0371,2022-06-23,Sales rep,Hàng mới,0,0,0.0
E01609,PH0619,2023-08-26,Call,Nhắc đặt lại,1,0,1791000.0
E01610,PH0151,2025-12-15,Sales rep,Thăm trình dược,1,1,255000.0
E01611,PH0316,30/11/2025,Call,Khuyến mãi,1,1,0.0
E01612,PH0746,2023-11-26,Call,Hàng mới,0,0,1837000.0
E01613,PH0389,2022-11-06,Sales rep,Hàng mới,1,0,41000.0
E01614,PH0417,2025-07-22,Call,Nhắc đặt lại,0,0,0.0
E01615,PH0659,11-28-2024,Call,Khuyến mãi,0,1,
E01616,PH0581,2025-12-29,Sales rep,,1,0,6000.0
E01617,PH0429,2021-09-02,Zalo,Hàng mới,1,1,128000.0
E01618,PH0472,17/12/2023,Sales rep,Thăm trình dược,0,0,1189000.0
E01619,PH0546,2022-09-20,Call,Hàng mới,0,0,1990000.0
E01620,PH0724,25/11/2025,Email,Khuyến mãi,0,1,0.0
E01621,PH0398,2021-05-08,Call,Thăm trình dược,1,0,0.0
E01622,PH0034,2024-09-13,Email,Khuyến mãi,1,1,371000.0
E01623,PH0159,2023-05-30,Call,Hàng mới,TRUE,0,923000.0
E01624,PH0030,2022-08-02,Email,,0,0,1858000.0
E01625,PH0167,2024-11-06,Zalo,Thăm trình dược,0,0,1181000.0
E01626,PH0166,23/12/2024,Email,Thăm trình dược,1,0,0.0
E01627,PH0677,2023-12-24,Email,Thăm trình dược,0,0,0.0
E01628,PH0086,04/05/2025,Sales rep,Nhắc đặt lại,0,0,0.0
E01629,PH0320,2025-06-06,Sales rep,Hàng mới,1,0,0.0
E01630,PH0566,2020-12-17,Zalo,Thăm trình dược,1,1,1135000.0
E01631,PH0642,2023-10-25,Zalo,Hàng mới,0,0,1063000.0
E01632,PH0762,2024-06-14,Email,Khuyến mãi,1,0,484000.0
E01633,PH0716,2025-08-08,Email,Hàng mới,Yes,0,1571000.0
E01634,PH0099,2023-12-29,Call,Nhắc đặt lại,0,0,1641000.0
E01635,PH0769,2025-01-26,Email,Hàng mới,0,1,811000.0
E01636,PH0465,03-10-2025,Sales rep,Nhắc đặt lại,1,1,0.0
E01637,PH0472,19/07/2025,Email,,0,0,1509000.0
E01638,PH0367,2025-01-14,Email,Khuyến mãi,1,0,1646000.0
E01639,PH0342,2023-09-04,Zalo,Thăm trình dược,1,0,1225000.0
E01640,PH0624,2022-06-05,Zalo,Khuyến mãi,0,0,0.0
E01641,PH0487,2025-07-20,Call,Hàng mới,0,1,70000.0
E01642,PH0017,2021-04-12,Call,Thăm trình dược,1,1,
E01643,PH0209,2025-06-01,Call,Nhắc đặt lại,0,0,0.0
E01644,PH0795,2025-02-11,Call,Nhắc đặt lại,0,1,
E01645,PH0504,2025-11-28,,Nhắc đặt lại,0,0,338000.0
E01646,PH0636,2025-01-30,Zalo,Khuyến mãi,0,0,1971000.0
E01647,PH0062,06-28-2023,Email,,1,0,0.0
E01648,PH0345,2024-12-08,,Nhắc đặt lại,1,0,1183000.0
E01649,PH0405,07-30-2024,Sales rep,Khuyến mãi,0,0,97000.0
E01650,PH0685,2024-09-20,Sales rep,Nhắc đặt lại,0,0,97000.0
E01651,PH0773,2024-08-21,Sales rep,Hàng mới,0,1,0.0
E01652,PH0038,2025-06-19,Zalo,Hàng mới,0,0,1754000.0
E01653,PH0392,2025-07-08,Sales rep,Thăm trình dược,0,0,0.0
E01654,PH0562,2023-03-13,Email,Nhắc đặt lại,1,0,970000.0
E01655,PH0069,2025-06-12,,Thăm trình dược,1,1,1610000.0
E01656,PH0500,2025-08-04,Zalo,,1,0,1263000.0
E01657,PH0542,18/09/2024,Zalo,Hàng mới,1,0,1301000.0
E01658,PH0334,2023-09-26,Call,Khuyến mãi,0,0,0.0
E01659,PH0621,2021-07-18,Zalo,Hàng mới,1,1,0.0
E01660,PH0357,11-30-2024,Sales rep,Thăm trình dược,0,0,689000.0
E01661,PH0404,2025-03-04,Call,Nhắc đặt lại,0,0,0.0
E01662,PH0306,26/12/2025,Email,Nhắc đặt lại,0,0,1778000.0
E01663,PH0698,2024-09-06,Call,Khuyến mãi,1,1,0.0
E01664,PH0800,2021-09-15,Sales rep,Khuyến mãi,0,0,1835000.0
E01665,PH0112,2025-08-10,Pigeon,Thăm trình dược,1,0,1226000.0
E01666,PH0541,05/05/2022,Call,Thăm trình dược,1,0,0.0
E01667,PH0760,2025-01-13,Zalo,Thăm trình dược,0,0,1121000.0
E01668,PH0412,2025-11-29,Zalo,Khuyến mãi,1,0,26000.0
E01669,PH0251,12-23-2023,Zalo,Thăm trình dược,1,1,0.0
E01670,PH0484,2022-05-15,Call,Nhắc đặt lại,1,1,809000.0
E01671,PH0797,2024-08-20,Email,Nhắc đặt lại,1,0,
E01672,PH0712,2025-01-03,Email,Nhắc đặt lại,0,0,0.0
E01673,PH0570,2023-05-20,Zalo,Hàng mới,0,0,0.0
E01674,PH0509,2024-07-12,Sales rep,Hàng mới,1,1,923000.0
E01675,PH0427,14/09/2022,Email,Khuyến mãi,0,0,1595000.0
E01676,PH0126,22/12/2025,Call,Nhắc đặt lại,0,0,1416000.0
E01677,PH0675,2025-06-13,Email,Khuyến mãi,1,0,0.0
E01678,PH0518,2025-06-09,Call,Nhắc đặt lại,1,1,281000.0
E01679,PH0178,2023-05-14,Sales rep,Khuyến mãi,0,0,0.0
E01680,PH0461,2025-06-12,Zalo,Khuyến mãi,1,0,0.0
E01681,PH0281,2024-09-14,Email,Thăm trình dược,1,1,0.0
E01682,PH0459,2024-12-31,Zalo,Hàng mới,0,0,1665000.0
E01683,PH0665,2022-02-24,Call,Nhắc đặt lại,1,0,0.0
E01684,PH0371,2025-09-15,Call,Hàng mới,0,0,
E01685,PH0139,05/02/2020,Call,Khuyến mãi,1,0,484000.0
E01686,PH0025,2021-11-02,Sales rep,Thăm trình dược,0,0,0.0
E01687,PH0161,2025-06-09,Call,Thăm trình dược,0,0,0.0
E01688,PH0460,2025-09-12,Sales rep,Thăm trình dược,1,0,1602000.0
E01689,PH0543,2025-06-28,Call,Nhắc đặt lại,0,0,0.0
E01690,PH0247,2024-02-12,Email,Nhắc đặt lại,0,0,265000.0
E01691,PH0136,2024-06-10,,Thăm trình dược,1,0,1528000.0
E01692,PH0593,13/01/2024,Zalo,Nhắc đặt lại,0,0,1893000.0
E01693,PH0032,04-26-2023,Call,Khuyến mãi,0,0,0.0
E01694,PH0695,2024-08-27,Call,Hàng mới,1,0,0.0
E01695,PH0088,2021-05-25,Email,Thăm trình dược,1,1,1865000.0
E01696,PH0134,24/08/2025,Email,Thăm trình dược,1,1,1309000.0
E01697,PH0033,2024-07-09,Call,,1,1,0.0
E01698,PH0078,2025-09-24,Call,Nhắc đặt lại,0,0,0.0
E01699,PH0070,2021-10-17,Sales rep,Nhắc đặt lại,1,1,0.0
E01700,PH0699,2022-07-26,Zalo,Hàng mới,0,0,1845000.0
E01701,PH0551,2025-06-05,Email,Nhắc đặt lại,1,0,1845000.0
E01702,PH0188,2025-05-15,Email,Khuyến mãi,1,0,0.0
E01703,PH0329,2025-06-03,Email,Nhắc đặt lại,1,1,
E01704,PH0414,2023-12-31,Call,Khuyến mãi,1,1,0.0
E01705,PH0662,03-31-2025,Call,Hàng mới,0,0,282000.0
E01706,PH0728,2025-09-08,Pigeon,Hàng mới,0,0,1476000.0
E01707,PH0374,2024-11-20,Email,Thăm trình dược,1,0,896000.0
E01708,PH0678,2024-03-01,Zalo,Thăm trình dược,0,0,0.0
E01709,PH0399,2024-08-20,Zalo,Nhắc đặt lại,0,0,0.0
E01710,PH0059,2024-11-30,Call,Thăm trình dược,0,1,1658000.0
E01711,PH0220,23/12/2023,Call,Khuyến mãi,0,0,1820000.0
E01712,PH0222,2023-05-02,Email,Thăm trình dược,1,0,0.0
E01713,PH0473,2024-02-09,Zalo,Hàng mới,Yes,0,197000.0
E01714,PH0739,2023-10-24,Pigeon,Nhắc đặt lại,0,0,0.0
E01715,PH0643,2025-03-12,Email,Hàng mới,0,0,0.0
E01716,PH0486,2022-10-18,Zalo,Khuyến mãi,1,1,1646000.0
E01717,PH0712,2025-03-08,Zalo,Khuyến mãi,1,0,
E01718,PH0282,2024-08-19,Call,Khuyến mãi,1,1,80000.0
E01719,PH0534,31/07/2023,Email,Thăm trình dược,1,1,1019000.0
E01720,PH0754,2021-01-23,Call,Khuyến mãi,0,0,0.0
E01721,PH0788,2025-05-25,Zalo,Thăm trình dược,0,0,550000.0
E01722,PH0530,2025-12-20,Email,,1,1,0.0
E01723,PH0594,2024-08-21,,Khuyến mãi,0,1,0.0
E01724,PH0045,2025-03-08,Zalo,Hàng mới,0,0,
E01725,PH0743,2024-02-06,Call,Nhắc đặt lại,0,0,0.0
E01726,PH0764,2025-10-04,Sales rep,Thăm trình dược,1,0,0.0
E01727,PH0662,2025-09-29,Sales rep,,0,0,1079000.0
E01728,PH0748,2025-06-06,Zalo,Nhắc đặt lại,1,1,1491000.0
E01729,PH0561,2025-04-20,Zalo,Nhắc đặt lại,1,1,1257000.0
E01730,PH0003,2023-04-12,Zalo,Thăm trình dược,0,0,136000.0
E01731,PH0698,2023-02-09,Call,Nhắc đặt lại,0,0,1160000.0
E01732,PH0365,10-26-2024,Sales rep,Nhắc đặt lại,1,1,220000.0
E01733,PH0105,2025-11-05,Sales rep,Thăm trình dược,1,0,525000.0
E01734,PH0763,28/08/2023,Email,Hàng mới,1,0,779000.0
E01735,PH0617,2024-09-01,Call,Khuyến mãi,0,0,0.0
E01736,PH0600,2020-07-06,Sales rep,Thăm trình dược,0,0,0.0
E01737,PH0737,2025-08-13,Zalo,Hàng mới,1,1,757000.0
E01738,PH0615,2025-12-12,Email,Khuyến mãi,1,1,1815000.0
E01739,PH0472,2024-11-08,Sales rep,Khuyến mãi,1,0,298000.0
E01740,PH0521,2023-04-12,Call,Nhắc đặt lại,0,0,0.0
E01741,PH0205,2025-01-21,Sales rep,Hàng mới,0,0,1042000.0
E01742,PH0195,2024-02-25,Sales rep,Hàng mới,0,0,641000.0
E01743,PH0235,04/05/2025,Sales rep,Hàng mới,0,0,0.0
E01744,PH0649,2024-04-16,Call,Hàng mới,0,0,183000.0
E01745,PH0706,2022-12-02,Email,Nhắc đặt lại,0,0,626000.0
E01746,PH0164,2023-08-31,Call,Hàng mới,1,0,0.0
E01747,PH0201,08-30-2024,Call,Thăm trình dược,1,0,0.0
E01748,PH0403,13/07/2025,Zalo,Khuyến mãi,0,0,0.0
E01749,PH0543,2025-10-21,Email,Hàng mới,0,0,205000.0
E01750,PH0568,2023-12-23,Sales rep,Nhắc đặt lại,1,0,0.0
E01751,PH0017,25/07/2021,Call,Thăm trình dược,1,0,
E01752,PH0773,2023-08-17,Zalo,Khuyến mãi,0,0,834000.0
E01753,PH0372,2025-12-23,Email,Thăm trình dược,TRUE,0,1893000.0
E01754,PH0470,10-25-2023,Email,Khuyến mãi,0,0,1221000.0
E01755,PH0414,2022-03-19,Sales rep,Nhắc đặt lại,1,0,1754000.0
E01756,PH0626,2024-03-09,Call,Thăm trình dược,0,0,0.0
E01757,PH0267,07-04-2025,Sales rep,,1,1,0.0
E01758,PH0161,2025-12-28,Email,Nhắc đặt lại,0,0,0.0
E01759,PH0049,09-06-2025,Call,Hàng mới,1,0,0.0
E01760,PH0557,2023-06-30,Email,Khuyến mãi,1,0,0.0
E01761,PH0171,2023-06-23,Zalo,Thăm trình dược,1,1,0.0
E01762,PH0507,2025-11-28,Sales rep,Nhắc đặt lại,1,0,0.0
E01763,PH0100,2021-04-16,Zalo,Hàng mới,0,0,0.0
E01764,PH0056,2024-09-26,Zalo,Khuyến mãi,1,0,0.0
E01765,PH0626,2025-10-06,Call,Thăm trình dược,0,0,1669000.0
E01766,PH0466,14/05/2024,Email,Thăm trình dược,1,1,1034000.0
E01767,PH0035,01-28-2024,Sales rep,Khuyến mãi,0,0,0.0
E01768,PH0324,2022-09-24,Sales rep,Hàng mới,0,0,0.0
E01769,PH0545,2023-07-17,,Khuyến mãi,0,0,0.0
E01770,PH0598,2025-06-08,,Thăm trình dược,1,0,1632000.0
E01771,PH0267,28/12/2025,Pigeon,Thăm trình dược,1,1,0.0
E01772,PH0333,2025-06-23,Zalo,Nhắc đặt lại,0,0,204000.0
E01773,PH0418,2025-11-29,Email,Khuyến mãi,0,0,947000.0
E01774,PH0434,2022-05-12,Sales rep,,1,0,1745000.0
E01775,PH0095,2025-07-26,Sales rep,Hàng mới,1,0,268000.0
E01776,PH0228,2025-09-11,Zalo,Thăm trình dược,1,0,0.0
E01777,PH0201,2024-09-05,Sales rep,,1,0,1583000.0
E01778,PH0033,10-20-2023,Sales rep,Khuyến mãi,1,0,1889000.0
E01779,PH0630,2024-03-22,Sales rep,Khuyến mãi,0,0,
E01780,PH0278,2024-09-30,Call,Hàng mới,0,0,957000.0
E01781,PH0091,04/06/2024,Sales rep,Nhắc đặt lại,1,0,0.0
E01782,PH0376,2025-02-07,Zalo,Thăm trình dược,1,1,0.0
E01783,PH0506,11/06/2024,Sales rep,Thăm trình dược,1,0,1421000.0
E01784,PH0493,2020-02-23,Email,Thăm trình dược,0,0,0.0
E01785,PH0619,2020-01-20,Zalo,,0,0,0.0
E01786,PH0517,16/08/2025,Call,Thăm trình dược,0,0,
E01787,PH0304,05-05-2024,Sales rep,Nhắc đặt lại,0,0,0.0
E01788,PH0345,2024-07-05,Call,Thăm trình dược,1,0,0.0
E01789,PH0580,2024-12-13,Sales rep,Nhắc đặt lại,1,1,1302000.0
E01790,PH0157,2023-10-21,,Khuyến mãi,0,0,0.0
E01791,PH0006,2025-05-19,Call,Thăm trình dược,1,0,0.0
E01792,PH0411,2022-01-02,Sales rep,Khuyến mãi,0,0,1270000.0
E01793,PH0790,2024-11-14,Call,Nhắc đặt lại,1,0,735000.0
E01794,PH0475,2025-04-21,Email,,1,0,1588000.0
E01795,PH0126,15/05/2025,Call,Hàng mới,0,0,0.0
E01796,PH0265,07-13-2021,Zalo,Thăm trình dược,0,0,549000.0
E01797,PH0356,2024-03-07,Sales rep,Thăm trình dược,0,0,1193000.0
E01798,PH0586,03-28-2022,Call,Thăm trình dược,1,1,0.0
E01799,PH0648,2022-09-14,,Thăm trình dược,1,1,0.0
E01800,PH0037,2024-08-16,Email,Hàng mới,1,1,938000.0
